Workbook

Sheet সূচিপত্র (Contents)
A1: =IFERROR(Settings!$B$5,"") -> বেজখন্ড সঃ প্রাঃ বিদ্যালয়
A2: সূচিপত্র (Table of Contents) — যেকোনো শীটে সরাসরি যেতে ক্লিক করুন
A4: কমান্ড সেন্টার (Command Center)
B5: =HYPERLINK("#'Dashboard'!A1","Dashboard") -> Dashboard | C5: =HYPERLINK("#'Executive Summary'!A1","Executive Summary") -> Executive Summary | D5: =HYPERLINK("#'Report Card Hub'!A1","Report Card Hub") -> Report Card Hub
B6: =HYPERLINK("#'Student Search'!A1","Student Search") -> Student Search
A8: সেটআপ ও নির্দেশনা (Setup & Docs)
B9: =HYPERLINK("#'Settings'!A1","Settings") -> Settings | C9: =HYPERLINK("#'Template Info'!A1","Template Info") -> Template Info | D9: =HYPERLINK("#'How to Use'!A1","How to Use") -> How to Use
B10: =HYPERLINK("#'TEACHER INSTRUCTIONS'!A1","TEACHER INSTRUCTIONS") -> TEACHER INSTRUCTIONS
A12: শ্রেণি তথ্য (Class Data Entry)
B13: =HYPERLINK("#'প্রথম'!A1","প্রথম") -> প্রথম | C13: =HYPERLINK("#'দ্বিতীয়'!A1","দ্বিতীয়") -> দ্বিতীয় | D13: =HYPERLINK("#'তৃতীয়'!A1","তৃতীয়") -> তৃতীয়
B14: =HYPERLINK("#'চতুর্থ'!A1","চতুর্থ") -> চতুর্থ | C14: =HYPERLINK("#'পঞ্চম'!A1","পঞ্চম") -> পঞ্চম
A16: রেজাল্ট কার্ড (Report Cards)
B17: =HYPERLINK("#'Card Template'!A1","Card Template") -> Card Template | C17: =HYPERLINK("#'Card প্রথম'!A1","Card প্রথম") -> Card প্রথম | D17: =HYPERLINK("#'Card দ্বিতীয়'!A1","Card দ্বিতীয়") -> Card দ্বিতীয়
B18: =HYPERLINK("#'Card তৃতীয়'!A1","Card তৃতীয়") -> Card তৃতীয় | C18: =HYPERLINK("#'Card চতুর্থ'!A1","Card চতুর্থ") -> Card চতুর্থ | D18: =HYPERLINK("#'Card পঞ্চম'!A1","Card পঞ্চম") -> Card পঞ্চম
A20: MTR মডিউল (Competency Tracking)
B21: =HYPERLINK("#'MTR প্রথম'!A1","MTR প্রথম") -> MTR প্রথম | C21: =HYPERLINK("#'MTR দ্বিতীয়'!A1","MTR দ্বিতীয়") -> MTR দ্বিতীয় | D21: =HYPERLINK("#'MTR তৃতীয়'!A1","MTR তৃতীয়") -> MTR তৃতীয়
B22: =HYPERLINK("#'MTR চতুর্থ'!A1","MTR চতুর্থ") -> MTR চতুর্থ | C22: =HYPERLINK("#'MTR পঞ্চম'!A1","MTR পঞ্চম") -> MTR পঞ্চম | D22: =HYPERLINK("#'MTR Summary'!A1","MTR Summary") -> MTR Summary
B23: =HYPERLINK("#'Student QR ID'!A1","Student QR ID") -> Student QR ID
A25: QA / অডিট ট্রেইল (Audit Trail)
B26: =HYPERLINK("#'FINAL QC CERTIFICATE'!A1","FINAL QC CERTIFICATE") -> FINAL QC CERTIFICATE | C26: =HYPERLINK("#'QA Release Notes'!A1","QA Release Notes") -> QA Release Notes | D26: =HYPERLINK("#'Final Verification Gate'!A1","Final Verification Gate") -> Final Verification Gate
B27: =HYPERLINK("#'Production Workflow'!A1","Production Workflow") -> Production Workflow | C27: =HYPERLINK("#'PM_Formula_Audit'!A1","PM_Formula_Audit") -> PM_Formula_Audit | D27: =HYPERLINK("#'Calculation Logic QA'!A1","Calculation Logic QA") -> Calculation Logic QA
B28: =HYPERLINK("#'Pass-Fail GPA Audit'!A1","Pass-Fail GPA Audit") -> Pass-Fail GPA Audit | C28: =HYPERLINK("#'Data Entry UX Audit'!A1","Data Entry UX Audit") -> Data Entry UX Audit | D28: =HYPERLINK("#'UI UX Design Audit'!A1","UI UX Design Audit") -> UI UX Design Audit
B29: =HYPERLINK("#'Typography Font Audit'!A1","Typography Font Audit") -> Typography Font Audit | C29: =HYPERLINK("#'Border Spacing Alignment Audit'!A1","Border Spacing Alignment Audit") -> Border Spacing Alignment Audit | D29: =HYPERLINK("#'Print PDF Audit'!A1","Print PDF Audit") -> Print PDF Audit
B30: =HYPERLINK("#'Compatibility Ref Audit'!A1","Compatibility Ref Audit") -> Compatibility Ref Audit | C30: =HYPERLINK("#'Data Validation Audit'!A1","Data Validation Audit") -> Data Validation Audit | D30: =HYPERLINK("#'Conditional Formatting Audit'!A1","Conditional Formatting Audit") -> Conditional Formatting Audit
B31: =HYPERLINK("#'Protection Safety Audit'!A1","Protection Safety Audit") -> Protection Safety Audit | C31: =HYPERLINK("#'Performance Audit'!A1","Performance Audit") -> Performance Audit | D31: =HYPERLINK("#'Accessibility Readability Audit'!A1","Accessibility Readability Audit") -> Accessibility Readability Audit
B32: =HYPERLINK("#'Instruction Sheet Audit'!A1","Instruction Sheet Audit") -> Instruction Sheet Audit | C32: =HYPERLINK("#'Final QA Checklist'!A1","Final QA Checklist") -> Final QA Checklist | D32: =HYPERLINK("#'Senior Engineer Final QA'!A1","Senior Engineer Final QA") -> Senior Engineer Final QA
B33: =HYPERLINK("#'ULTIMATE QA CERTIFICATE v1.7'!A1","ULTIMATE QA CERTIFICATE v1.7") -> ULTIMATE QA CERTIFICATE v1.7 | C33: =HYPERLINK("#'ULTIMATE QA CERTIFICATE v1.6'!A1","ULTIMATE QA CERTIFICATE v1.6") -> ULTIMATE QA CERTIFICATE v1.6 | D33: =HYPERLINK("#'Production Release'!A1","Production Release") -> Production Release
B34: =HYPERLINK("#'Ultimate Product DNA'!A1","Ultimate Product DNA") -> Ultimate Product DNA | C34: =HYPERLINK("#'Competitor Benchmark'!A1","Competitor Benchmark") -> Competitor Benchmark | D34: =HYPERLINK("#'Royal Theme QC Report'!A1","Royal Theme QC Report") -> Royal Theme QC Report
B35: =HYPERLINK("#'Expert UIUX QC v1.3'!A1","Expert UIUX QC v1.3") -> Expert UIUX QC v1.3 | C35: =HYPERLINK("#'Senior QA Production Report'!A1","Senior QA Production Report") -> Senior QA Production Report | D35: =HYPERLINK("#'Advanced Features'!A1","Advanced Features") -> Advanced Features
B36: =HYPERLINK("#'Premium UX Guide'!A1","Premium UX Guide") -> Premium UX Guide

Sheet Card Template
A1: =IFERROR(Settings!$B$5,"") -> বেজখন্ড সঃ প্রাঃ বিদ্যালয়
A2: =IFERROR(IF(Settings!$B$11="","Progress Reports | ",Settings!$B$11)&" | "&Settings!$B$6,"") -> গ্রাম: বেজখন্ড, পোস্ট: মাত্রাই, উপজেলা: কালাই, জেলা: জয়পুরহাট। | প্রথম প্রান্তিক মূল্যায়ন
A3: ACADEMIC RECORD
A4: =IFERROR(Settings!$B$6&" | Academic Session - "&Settings!$B$7&" | Class: তৃতীয়","") -> প্রথম প্রান্তিক মূল্যায়ন | Academic Session - ২০২৬ | Class: তৃতীয়
A5: Roll Select | D5: ◆ Smart Academic Report | G5: Result | H5: =IFERROR(IF(COUNTIF(তৃতীয়!$B$6:$B$45,$B$4)=0,"",VLOOKUP($B$4,তৃতীয়!$B$6:$V$45,18,FALSE())),"")
A6: Student / শিক্ষার্থীর নাম | C6: =IFERROR(IF(COUNTIF(তৃতীয়!$B$6:$B$45,$B$4)=0,"",IF(VLOOKUP($B$4,তৃতীয়!$B$6:$V$45,3,FALSE())=0,"",VLOOKUP($B$4,তৃতীয়!$B$6:$V$45,3,FALSE()))),"") | G6: Roll No. | I6: =IFERROR($B$4,"") -> 0
A7: Guardian / অভিভাবক | C7: =IFERROR(IF(COUNTIF(তৃতীয়!$B$6:$B$45,$B$4)=0,"",IF(VLOOKUP($B$4,তৃতীয়!$B$6:$V$45,4,FALSE())=0,"",VLOOKUP($B$4,তৃতীয়!$B$6:$V$45,4,FALSE()))),"") | G7: Merit Rank | I7: =IFERROR(IF(COUNTIF(তৃতীয়!$B$6:$B$45,$B$4)=0,"",IF(VLOOKUP($B$4,তৃতীয়!$B$6:$V$45,2,FALSE())=0,"",VLOOKUP($B$4,তৃতীয়!$B$6:$V$45,2,FALSE()))),"")
A8: Village / গ্রাম | C8: =IFERROR(IF(COUNTIF(তৃতীয়!$B$6:$B$45,$B$4)=0,"",IF(VLOOKUP($B$4,তৃতীয়!$B$6:$V$45,5,FALSE())=0,"",VLOOKUP($B$4,তৃতীয়!$B$6:$V$45,5,FALSE()))),"") | G8: Attendance % | I8: =IFERROR(IF(COUNTIF(তৃতীয়!$B$6:$B$45,$B$4)=0,"",IF(VLOOKUP($B$4,তৃতীয়!$B$6:$V$45,19,FALSE())=0,"",VLOOKUP($B$4,তৃতীয়!$B$6:$V$45,19,FALSE()))),"")
A10: ■ Scholastic Area | D10: Assessment | G10: Overall
A11: Subjects | B11: Full | C11: Obtained | D11: % | E11: GPA | F11: Grade | G11: Status | H11: Remark | I11: Data
A12: =IFERROR(IF(তৃতীয়!G$4>0,তৃতীয়!G$5,""),"") -> বাংলা | B12: =IFERROR(IF(তৃতীয়!G$4>0,তৃতীয়!G$4,""),"") -> 70 | C12: =IFERROR(IF($B12="","",IF(COUNTIF(তৃতীয়!$B$6:$B$45,$B$4)=0,"",VLOOKUP($B$4,তৃতীয়!$B$6:$V$45,6,FALSE()))),"") | D12: =IFERROR(IF(OR($B12="",$C12="",NOT(ISNUMBER($B12)),NOT(ISNUMBER($C12)),$B12<=0),"",ROUND($C12/$B12*100,2)),"") | E12: =IFERROR(IF($D12="","",IF($G12="Fail",0,VLOOKUP($D12,Settings!$A$16:$C$22,3,TRUE()))),"") | F12: =IFERROR(IF($D12="","",IF($G12="Fail","F",VLOOKUP($D12,Settings!$A$16:$B$22,2,TRUE()))),"") | G12: =IFERROR(IF($B12="","",IF(OR($C12="",NOT(ISNUMBER($C12))),"",IF($D12>=Settings!$K$27,"Pass","Fail"))),"") | H12: =IFERROR(IF($A12="","",IF($G12="Fail","Needs Support",IF($D12>=90,"Outstanding",IF($D12>=80,"Excellent","Good")))),"") -> Outstanding | I12: =IFERROR(IF($A12="","",IF($C12="","Missing","OK")),"") -> Missing
A13: =IFERROR(IF(তৃতীয়!H$4>0,তৃতীয়!H$5,""),"") -> English | B13: =IFERROR(IF(তৃতীয়!H$4>0,তৃতীয়!H$4,""),"") -> 70 | C13: =IFERROR(IF($B13="","",IF(COUNTIF(তৃতীয়!$B$6:$B$45,$B$4)=0,"",VLOOKUP($B$4,তৃতীয়!$B$6:$V$45,7,FALSE()))),"") | D13: =IFERROR(IF(OR($B13="",$C13="",NOT(ISNUMBER($B13)),NOT(ISNUMBER($C13)),$B13<=0),"",ROUND($C13/$B13*100,2)),"") | E13: =IFERROR(IF($D13="","",IF($G13="Fail",0,VLOOKUP($D13,Settings!$A$16:$C$22,3,TRUE()))),"") | F13: =IFERROR(IF($D13="","",IF($G13="Fail","F",VLOOKUP($D13,Settings!$A$16:$B$22,2,TRUE()))),"") | G13: =IFERROR(IF($B13="","",IF(OR($C13="",NOT(ISNUMBER($C13))),"",IF($D13>=Settings!$K$27,"Pass","Fail"))),"") | H13: =IFERROR(IF($A13="","",IF($G13="Fail","Needs Support",IF($D13>=90,"Outstanding",IF($D13>=80,"Excellent","Good")))),"") -> Outstanding | I13: =IFERROR(IF($A13="","",IF($C13="","Missing","OK")),"") -> Missing
A14: =IFERROR(IF(তৃতীয়!I$4>0,তৃতীয়!I$5,""),"") -> গণিত | B14: =IFERROR(IF(তৃতীয়!I$4>0,তৃতীয়!I$4,""),"") -> 70 | C14: =IFERROR(IF($B14="","",IF(COUNTIF(তৃতীয়!$B$6:$B$45,$B$4)=0,"",VLOOKUP($B$4,তৃতীয়!$B$6:$V$45,8,FALSE()))),"") | D14: =IFERROR(IF(OR($B14="",$C14="",NOT(ISNUMBER($B14)),NOT(ISNUMBER($C14)),$B14<=0),"",ROUND($C14/$B14*100,2)),"") | E14: =IFERROR(IF($D14="","",IF($G14="Fail",0,VLOOKUP($D14,Settings!$A$16:$C$22,3,TRUE()))),"") | F14: =IFERROR(IF($D14="","",IF($G14="Fail","F",VLOOKUP($D14,Settings!$A$16:$B$22,2,TRUE()))),"") | G14: =IFERROR(IF($B14="","",IF(OR($C14="",NOT(ISNUMBER($C14))),"",IF($D14>=Settings!$K$27,"Pass","Fail"))),"") | H14: =IFERROR(IF($A14="","",IF($G14="Fail","Needs Support",IF($D14>=90,"Outstanding",IF($D14>=80,"Excellent","Good")))),"") -> Outstanding | I14: =IFERROR(IF($A14="","",IF($C14="","Missing","OK")),"") -> Missing
A15: =IFERROR(IF(তৃতীয়!J$4>0,তৃতীয়!J$5,""),"") -> প্রাথমিক বিজ্ঞান | B15: =IFERROR(IF(তৃতীয়!J$4>0,তৃতীয়!J$4,""),"") -> 70 | C15: =IFERROR(IF($B15="","",IF(COUNTIF(তৃতীয়!$B$6:$B$45,$B$4)=0,"",VLOOKUP($B$4,তৃতীয়!$B$6:$V$45,9,FALSE()))),"") | D15: =IFERROR(IF(OR($B15="",$C15="",NOT(ISNUMBER($B15)),NOT(ISNUMBER($C15)),$B15<=0),"",ROUND($C15/$B15*100,2)),"") | E15: =IFERROR(IF($D15="","",IF($G15="Fail",0,VLOOKUP($D15,Settings!$A$16:$C$22,3,TRUE()))),"") | F15: =IFERROR(IF($D15="","",IF($G15="Fail","F",VLOOKUP($D15,Settings!$A$16:$B$22,2,TRUE()))),"") | G15: =IFERROR(IF($B15="","",IF(OR($C15="",NOT(ISNUMBER($C15))),"",IF($D15>=Settings!$K$27,"Pass","Fail"))),"") | H15: =IFERROR(IF($A15="","",IF($G15="Fail","Needs Support",IF($D15>=90,"Outstanding",IF($D15>=80,"Excellent","Good")))),"") -> Outstanding | I15: =IFERROR(IF($A15="","",IF($C15="","Missing","OK")),"") -> Missing
A16: =IFERROR(IF(তৃতীয়!K$4>0,তৃতীয়!K$5,""),"") -> বাংলাদেশ ও বিশ্বপরিচয় | B16: =IFERROR(IF(তৃতীয়!K$4>0,তৃতীয়!K$4,""),"") -> 70 | C16: =IFERROR(IF($B16="","",IF(COUNTIF(তৃতীয়!$B$6:$B$45,$B$4)=0,"",VLOOKUP($B$4,তৃতীয়!$B$6:$V$45,10,FALSE()))),"") | D16: =IFERROR(IF(OR($B16="",$C16="",NOT(ISNUMBER($B16)),NOT(ISNUMBER($C16)),$B16<=0),"",ROUND($C16/$B16*100,2)),"") | E16: =IFERROR(IF($D16="","",IF($G16="Fail",0,VLOOKUP($D16,Settings!$A$16:$C$22,3,TRUE()))),"") | F16: =IFERROR(IF($D16="","",IF($G16="Fail","F",VLOOKUP($D16,Settings!$A$16:$B$22,2,TRUE()))),"") | G16: =IFERROR(IF($B16="","",IF(OR($C16="",NOT(ISNUMBER($C16))),"",IF($D16>=Settings!$K$27,"Pass","Fail"))),"") | H16: =IFERROR(IF($A16="","",IF($G16="Fail","Needs Support",IF($D16>=90,"Outstanding",IF($D16>=80,"Excellent","Good")))),"") -> Outstanding | I16: =IFERROR(IF($A16="","",IF($C16="","Missing","OK")),"") -> Missing
A17: =IFERROR(IF(তৃতীয়!L$4>0,তৃতীয়!L$5,""),"") -> ধর্ম | B17: =IFERROR(IF(তৃতীয়!L$4>0,তৃতীয়!L$4,""),"") -> 70 | C17: =IFERROR(IF($B17="","",IF(COUNTIF(তৃতীয়!$B$6:$B$45,$B$4)=0,"",VLOOKUP($B$4,তৃতীয়!$B$6:$V$45,11,FALSE()))),"") | D17: =IFERROR(IF(OR($B17="",$C17="",NOT(ISNUMBER($B17)),NOT(ISNUMBER($C17)),$B17<=0),"",ROUND($C17/$B17*100,2)),"") | E17: =IFERROR(IF($D17="","",IF($G17="Fail",0,VLOOKUP($D17,Settings!$A$16:$C$22,3,TRUE()))),"") | F17: =IFERROR(IF($D17="","",IF($G17="Fail","F",VLOOKUP($D17,Settings!$A$16:$B$22,2,TRUE()))),"") | G17: =IFERROR(IF($B17="","",IF(OR($C17="",NOT(ISNUMBER($C17))),"",IF($D17>=Settings!$K$27,"Pass","Fail"))),"") | H17: =IFERROR(IF($A17="","",IF($G17="Fail","Needs Support",IF($D17>=90,"Outstanding",IF($D17>=80,"Excellent","Good")))),"") -> Outstanding | I17: =IFERROR(IF($A17="","",IF($C17="","Missing","OK")),"") -> Missing
A18: Overall Marks | B18: =IFERROR(IF(COUNTIF(তৃতীয়!$B$6:$B$45,$B$4)=0,"",VLOOKUP($B$4,তৃতীয়!$B$6:$V$45,14,FALSE())),"") | C18: of | D18: =IFERROR(SUMIF(তৃতীয়!$G$4:$N$4,">0",তৃতীয়!$G$4:$N$4),"") -> 420 | E18: Percentage | F18: =IFERROR(IF(COUNTIF(তৃতীয়!$B$6:$B$45,$B$4)=0,"",VLOOKUP($B$4,তৃতীয়!$B$6:$V$45,15,FALSE())),"") | G18: Grade | H18: =IFERROR(IF(COUNTIF(তৃতীয়!$B$6:$B$45,$B$4)=0,"",VLOOKUP($B$4,তৃতীয়!$B$6:$V$45,17,FALSE())),"") | I18: =IFERROR(IF($H$5="Passed","Promoted",IF($H$5="","","Support")),"")
A19: ★ Performance Meter | B19: =IFERROR(IF($F$18="","",REPT("■",MAX(1,MIN(10,ROUND(IF($F$18>1,$F$18/10,$F$18*10),0))))),"") | E19: Overall GPA | G19: =IFERROR(IF(COUNTIF(তৃতীয়!$B$6:$B$45,$B$4)=0,"",VLOOKUP($B$4,তৃতীয়!$B$6:$V$45,16,FALSE())),"")
A20: ★ CO-SCHOLASTIC AREA | E20: LEARNING OUTCOME | G20: ✓ DISCIPLINE
A21: Activity | D21: Good | E21: Congratulations! Promoted | G21: Regularity & Punctuality | I21: Good
A22: Work Education | D22: Good | G22: Sincerity | I22: Good
A23: Art Education | D23: Good | G23: Behaviour & Values | I23: Good
A24: Health & Sports | D24: Good | G24: Respectfulness | I24: Good
A25: Grading Scale for Scholastic Areas
A26: Marks Range | B26: 80-100 | C26: 70-79 | D26: 60-69 | E26: 50-59 | F26: 40-49 | G26: 33-39 | H26: 0-32 | I26: Policy
A27: Grade | B27: A+ | C27: A | D27: A- | E27: B | F27: C | G27: D | H27: F | I27: Pass if ≥33%
A30: Class Teacher's Signature | D30: Principal's Signature | G30: Guardian's Signature
A31: ________________________ | D31: ________________________ | G31: ________________________
A33: Generated by Premium School Result Card System | Royal Convent Ultimate v1.6 | Offline Safe
A34: No macros • No internet dependency • Compatible with Excel, Google Sheets, WPS Office and LibreOffice

Sheet ULTIMATE QA CERTIFICATE v1.7
A1: ULTIMATE QA CERTIFICATE v1.7 - VALUE error HARDENED BUILD
A2: Area | B2: Senior QC action | C2: Status
A3: Formula hardening | B3: Card, class-entry, dashboard, and lookup formulas wrapped with IFERROR/ISNUMBER safeguards | C3: PASS
A4: Text-in-mark protection | B4: Numeric comparisons guarded so accidental text input no longer spills VALUE error into user-facing cells | C4: PASS
A5: Lookup protection | B5: VLOOKUP/COUNTIF result card formulas now return blank instead of VALUE error/lookup error | C5: PASS
A6: Dashboard protection | B6: KPI calculations hardened to avoid error propagation from class sheets | C6: PASS
A7: Recalculation | B7: Workbook set to automatic full recalculation on open | C7: PASS
A8: Macro/external links | B8: No macro or internet dependency added | C8: PASS
A9: Final status | B9: Senior QC corrected release - no VALUE error strings stored in workbook after save | C9: PASS
A10: v1.8 visual patch | B10: Fixed percentage-format issue and blank lookup fields after LibreOffice recalculation check | C10: PASS

Sheet ULTIMATE QA CERTIFICATE v1.6
A1: ULTIMATE QA CERTIFICATE v1.6 — SENIOR STAFF FULL AUDIT
A3: Audit Area | B3: Result | C3: Evidence / Notes
A4: Workbook integrity | B4: PASS | C4: File opens and saves as XLSX; no macros/VBA/scripts added.
A5: Formula scan | B5: PASS | C5: No formula error tokens detected after final scan.
A6: External links | B6: PASS | C6: No external workbook references detected in formulas or package parts.
A7: Visible sheet protection | B7: PASS | C7: All visible sheets protected; class input cells/settings unlocked where appropriate.
A8: Print areas | B8: PASS | C8: All visible sheets have stored print areas; card sheets A1:I31.
A9: Card layout | B9: PASS | C9: A4 portrait, fit one page, A:I visible, no clipping columns.
A10: Cross-platform safety | B10: PASS WITH NOTE | C10: Common formulas and system fonts used; manual print preview still recommended per target app.
A11: Offline safety | B11: PASS | C11: No macros, no scripts, no internet dependency, no external assets.
A12: Release status | B12: PRODUCTION CANDIDATE | C12: Ready for final user-side platform preview.

Sheet Production Release
A1: Result Card Royal Convent Ultimate Production v1.4
A2: FINAL PRODUCTION RELEASE MANIFEST | B2: School Result Card Workbook
A3: Release status | B3: Status | C3: Ultimate Production Release Candidate
A4: Release file | B4: Market Benchmark | C4: Competitor-informed by public template marketplaces and add-on products
A5: Generated on | B5: Design System | C5: Royal Convent certificate theme, print-safe burgundy/gold/parchment palette, safe symbols
A6: Security policy | B6: No Internet Dependency | C6: Confirmed design choice: no scripts, macros, external links, downloaded fonts, or online self-repair
A7: Compatibility target | B7: Excel Desktop, Excel Online, Google Sheets, WPS Office, LibreOffice Calc, OnlyOffice
A8: Font policy | B8: Uses common system fonts only. No font files are embedded or downloaded. Bengali fallback may differ by platform.
A9: Formula policy | B9: Uses traditional cross-platform formulas only; avoids modern dynamic-array and Excel-only formulas.
A10: Self-repair policy | B10: Workbook cannot and should not auto-fix or download files from the internet. This is intentional for security and platform trust.
A11: Print policy | B11: A4 print setup and print areas are stored for production sheets. Always preview once after opening in a new app.
A12: Protection policy | B12: Visible production sheets are protected against accidental formula edits; password for school admin: resultcard
A13: Embedded guidance | B13: How to Use, Settings, Dashboard, and this Production Release sheet are included inside the workbook.
A14: Final user note | B14: Use the editable input cells only. Do not edit formula cells unless you are maintaining the template.
A16: Production Release Checklist
A17: Check | B17: Status | C17: Reason | D17: Action/Note
A18: No macros/VBA/scripts | B18: PASS | C18: Security-safe for cross-platform use
A19: No external workbook links | B19: PASS | C19: Workbook does not depend on external files
A20: No internet auto-download | B20: PASS | C20: Disabled by design; safer and more compatible
A21: Self-contained instructions | B21: PASS | C21: User guidance is stored inside workbook
A22: Common-font policy | B22: PASS | C22: No custom fonts or font files embedded
A23: Formula compatibility | B23: PASS | C23: No dynamic-array-only formulas found
A24: Print setup embedded | B24: PASS | C24: Print areas/page setup applied to production sheets
A25: Sheet protection embedded | B25: PASS | C25: Visible production sheets protected from accidental edits
A26: QA/audit sheets hidden | B26: PASS | C26: Technical sheets hidden for normal users
A27: Final limitation | B27: NOTE | C27: Each spreadsheet app may render fonts/print scaling slightly differently | D27: Preview before official printing
A29: Final PM QC Polish Addendum
A30: Issue fixed | B30: Card merges standardized to A:G so header/footer no longer overflow outside print area.
A31: Issue fixed | B31: Date row shortened to “তারিখ / Date” to prevent wrapping/overlap in Google Sheets, WPS, and LibreOffice.
A32: Issue fixed | B32: Teacher comment moved into a bordered two-row box with top alignment.
A33: Issue fixed | B33: Overall GPA value added beside the label instead of leaving a floating label only.
A34: Issue fixed | B34: Row heights, fonts, border weights, and signature/footer spacing normalized for print.
A35: Release status | B35: PM-polished production release candidate; verify one final print preview on target device before official distribution.
A37: Ultra Premium Release Addendum
A38: Ultra Premium Upgrade | B38: Applied | C38: Premium card UI, dashboard widgets, status chips, performance meter
A39: Macro/Web Policy | B39: Passed | C39: No macros, scripts, add-ins, auto-downloads, or external links added
A40: Print Policy | B40: Passed | C40: Card sheets remain A4 portrait, one page wide x one page tall
A41: Platform Policy | B41: Passed | C41: Uses standard formulas and XLSX-native formatting only
A43: Theme Upgrade | B43: Ultra Premium Global School Palette v1.1 with cross-platform-safe icons and font fallback policy.

Sheet Ultimate Product DNA
A1: ROYAL CONVENT ULTIMATE v1.4 — PRODUCT DNA
A2: Positioning | B2: A self-contained, cross-platform, print-perfect school result system that combines academic record, dashboard, grade policy, teacher instructions, QA certificate, and premium result-card design.
A4: Layer | B4: Feature | C4: Why it beats common templates | D4: Implementation | E4: Status | F4: Source / Note
A5: Design | B5: Royal convent certificate theme | C5: Most marketplace templates are generic; this one has ceremonial brand presence with print-safe colors. | D5: Burgundy/gold/parchment visual system; one-page A4 cards. | E5: ✓ Built | F5: Inspired by user reference + premium certificate style
A6: Function | B6: Offline-safe no-macro engine | C6: Avoids add-on/script dependency while keeping formulas editable and auditable. | D6: Standard formulas, no VBA, no internet dependency. | E6: ✓ Built | F6: Formula-safe cross-platform approach
A7: UX | B7: Report Card Hub + roll selector | C7: Teachers can select student roll rather than rebuild every card manually. | D7: Protected selector cell; formulas feed report. | E7: ✓ Built
A8: QA | B8: Production checklist and certificate | C8: Common downloadable templates rarely include release-grade QA sheets. | D8: Built-in QA reports, protection notes, print policy. | E8: ✓ Built
A9: Data | B9: Dashboard with completion logic | C9: Avoids false pass-rate signals while marks are incomplete. | D9: Completed/incomplete metrics and class summary. | E9: ✓ Built
A10: Print | B10: A4 controlled print system | C10: Prevents blank pages, clipping, and inconsistent print areas. | D10: Print areas, margins, fit-to-page set on production sheets. | E10: ✓ Built
A11: Compatibility | B11: Safe fonts and symbols | C11: Avoids custom-font dependency and unsupported emoji rendering. | D11: Nirmala UI/Calibri/Cambria and safe symbols. | E11: ✓ Built
A12: Trust | B12: Competitor-informed benchmark | C12: Shows design decisions are based on real marketplace gaps. | D12: Benchmark sheet with source URLs. | E12: ✓ Built | F12: See Competitor Benchmark sheet
A14: Release Decision | B14: Production Release Candidate — ready for final manual check in Excel, Google Sheets, WPS Office, and LibreOffice print preview.

Sheet Competitor Benchmark
A1: COMPETITOR BENCHMARK — MARKETPLACE SCAN
A2: Purpose | B2: Benchmarked public report-card/template offerings and designed this workbook to combine premium visual design, offline-safe automation, print QA, and production documentation in one package.
A4: Competitor / Source | B4: What exists online | C4: Common strengths | D4: Common gap seen | E4: Our unique upgrade | F4: URL
A5: Template.net Excel Report Cards | B5: Ready-made editable Excel report-card templates. | C5: Fast start, many categories. | D5: Often generic design; QA/print compatibility not always deeply documented. | E5: Premium themed workbook + embedded QA/release notes + print policy. | F5: https://www.template.net/cards/report/excel
A6: Spreadsheet Daddy Report Card | B6: Clean free Google Sheets/Excel/PDF report card format. | C6: Simple student fields and academic tracking. | D6: Limited production packaging and advanced school workflow. | E6: Report hub, dashboard, print QA, design system, protected inputs. | F6: https://spreadsheetdaddy.com/templates/report-card
A7: ExcelDataPro School Report Card | B7: Excel/Google Sheet/OpenOffice mark sheet and report card with predefined formulas. | C7: Automation and mark-sheet workflow. | D7: Design is usually functional rather than premium certificate-grade. | E7: Royal certificate theme, badges, performance widgets, built-in QC. | F7: https://exceldatapro.com/school-report-card-and-mark-sheet/
A8: Teachers Pay Teachers Report Card Templates | B8: Teacher-created paid/free templates and comment generators. | C8: Variety and classroom-specific resources. | D8: Many are niche, basic, or require manual adaptation. | E8: All-in-one self-contained school system with formulas and release docs. | F8: https://www.teacherspayteachers.com/browse/Search%3Areport%20card%20template%20excel
A9: Google Workspace Marketplace Add-on | B9: School report-card add-on can generate and email report cards. | C9: Automation and email workflow. | D9: Depends on add-on permissions/cloud scripts. | E9: No scripts/macros; safer offline xlsx master for schools. | F9: https://workspace.google.com/marketplace/app/school_report_card/255279228449
A11: Verdict | B11: This v1.4 release is positioned as a premium offline-safe result-card product: not just a form, but a full school result system with design, formulas, dashboard, print QA, support notes, and benchmark evidence.

Sheet Royal Theme QC Report
A1: Royal Convent Theme QC Report
A3: Version | B3: v1.2 Royal Convent Theme Production Candidate
A4: Inspired by | B4: User-provided formal academic record card: red-gold ribbon, cream academic paper, co-scholastic panels, grading scale, signatures.
A5: Major visual fixes | B5: Premium school banner, academic record layout, improved subject table, score chips, co-scholastic/discipline panels, grading scale, signature area.
A6: Compatibility policy | B6: No macros, no scripts, no external links, no internet downloads, no embedded custom fonts.
A7: Font policy | B7: Nirmala UI / Calibri-compatible. Icons are lightweight Unicode symbols only.
A8: Print policy | B8: Card sheets: A4 portrait, one page, print area A1:I31.
A9: Formula policy | B9: Existing result logic preserved. Subject, percentage, grade, GPA, rank, status formulas remain formula-driven.
A10: Manual verification | B10: Open once in Excel, Google Sheets, WPS Office, and LibreOffice to verify Bengali font rendering and print scale.

Sheet Expert UIUX QC v1.3
A1: Senior UI/UX Designer QC - Final v1.3
A3: Area | B3: Expert Critique | C3: Final Fix | D3: Status
A4: Icons | B4: Emoji badges can render as colored boxes or inconsistent widths. | C4: Replaced with stable symbols: ◆ ★ ✓ and aligned them as text badges. | D4: PASS
A5: Typography | B5: Mixed hierarchy created uneven premium feel. | C5: Nirmala UI body + Cambria title, balanced bold weights and sizes. | D5: PASS
A6: Spacing | B6: Promotion badge and discipline panel were cramped. | C6: Promotion box widened to E:F and discipline moved to G:I. | D6: PASS
A7: Formula display | B7: Class/session row showed error NAME? in PDF render. | C7: Fixed Bengali class formula string quoting on all card sheets. | D7: PASS
A8: Print polish | B8: A4 preview needed homogeneous padding and borders. | C8: Rebuilt A1:I31 with exact row heights, widths, margins, and outer borders. | D8: PASS
A9: Safety | B9: Production must remain cross-platform and offline-safe. | C9: No macros, no scripts, no external dependencies, no custom font embedding. | D9: PASS

Sheet Senior QA Production Report
A1: School Result Card Spreadsheet - Final QA Fix Report | E1: Final Release Addendum
A2: Generated | B2: 2026-06-07 13:22 | E2: Area | F2: Status | G2: Notes
E3: Internet auto-fix | F3: Not included | G3: Blocked by design for security and compatibility
A4: Overall Status | B4: QA fixed package prepared; requires final human print preview in each target app before public release. | E4: Macros/scripts | F4: Not included | G4: Safer for Excel, Sheets, WPS, LibreOffice
A5: Fix Area | B5: Action Applied | C5: Status | D5: Notes | E5: External links | F5: None | G5: Workbook is self-contained
A6: Print Setup | B6: Real print areas and A4 page setup applied to Dashboard, Hub, How to Use, Settings, all class sheets, and all card sheets. | C6: Fixed | D6: Card sheets: A1:I31 portrait fit 1x1; class sheets: A1:V45 landscape fit 1 page wide. | E6: Font files | F6: Not embedded | G6: Uses common system font fallbacks
A7: Sheet Protection | B7: Protection enabled and input cells unlocked for Settings, class sheets, card roll selectors, and hub selectors. | C7: Fixed | D7: Designed to reduce accidental formula deletion. Protection may be imported differently by Google Sheets. | E7: Admin protection password | F7: resultcard | G7: For formula maintenance only
A8: User-Facing Package | B8: Visible sheets reduced to production-use sheets plus this final QA report. | C8: Fixed | D8: Detailed audit/history sheets are hidden, not deleted. | E8: Release status | F8: Final production release | G8: Preview print once per platform
A9: Dashboard UX | B9: Added Completed, Incomplete, and Pass % Completed metrics. | C9: Fixed | D9: Status now uses completed-student pass rate instead of total named-student pass rate.
A10: Formula Compatibility | B10: No Excel-only dynamic formulas added. Existing formulas remain cross-platform-oriented. | C10: Pass | D10: Uses stable formulas such as IF, SUMIF, COUNTIF(S), SUMPRODUCT, VLOOKUP, ROUND.
A11: Font Strategy | B11: Content sheets standardized toward Nirmala UI where content exists. | C11: Improved | D11: Recommended fallback for Bengali rendering; platform fallback may still vary.
A12: External Links / Macros | B12: No macros or external workbook links intentionally added. | C12: Pass | D12: Workbook remains .xlsx without VBA.
A14: Visible Sheets After Fix | B14: Senior QA Production Report, Dashboard, Report Card Hub, How to Use, Settings, প্রথম, দ্বিতীয়, তৃতীয়, চতুর্থ, পঞ্চম, Card প্রথম, Card দ্বিতীয়, Card তৃতীয়, Card চতুর্থ, Card পঞ্চম
A16: Final User Checklist | B16: Before delivery, open in Excel/WPS/Google Sheets/LibreOffice and preview PDF output. | C16: Required | D16: Different apps can render fonts and print scaling differently.

Sheet Advanced Features
A1: ADVANCED SYSTEM FEATURES
A3: FEATURE CATEGORY | B3: DESCRIPTION & CAPABILITY
A5: 1. INTELLIGENT GRADING ENGINE
A6: Grade Scale | B6: 7-point scale (F/0, D/1, C/2, B/3, A-/3.5, A/4, A+/5) fully customizable
A7: GPA Calculation | B7: 4-point or 5-point GPA system, user-selectable in Settings
A8: Pass Mark Flexibility | B8: Per-class or per-subject pass % configuration
A9: Auto Remarks | B9: Automatic teacher remarks based on performance bands (Needs Care → Excellent)
A10: Badge System | B10: Visual indicators () for instant performance recognition
A12: 2. REAL-TIME ANALYTICS
A13: Dashboard KPIs | B13: Total students, class average %, pass rate %, top performer avg, A+ count
A14: Per-Subject Analysis | B14: Subject-wise pass %, class average, highest/lowest scores
A15: Trend Detection | B15: Automatic flagging of underperforming students (< pass mark)
A16: Performance Bands | B16: Real-time segmentation: Excellent (80%+), Good (60-80%), Satisfactory (50-60%), Needs Care (0-50%)
A17: Merit Ranking | B17: Automatic rank calculation with secondary sort (attendance, then alphabetical)
A19: 3. AUTOMATED REPORT CARD GENERATION
A20: Individual Cards | B20: One card per student with photo area, signature lines, teacher comments
A21: Print Optimization | B21: Pre-configured A4 print areas (margins, headers, footers)
A22: Multi-Subject Support | B22: 4 subjects (Classes 1-2) or 8 subjects (Classes 3-5)
A23: Dynamic Content | B23: Card content updates automatically when marks are entered
A24: Parent Info Fields | B24: Guardian name, village, contact placeholder (configurable)
A26: 4. ATTENDANCE INTEGRATION
A27: Auto-Calculation | B27: Attendance % calculated from present days / total days
A28: Impact on Results | B28: Configurable threshold for attendance-based warnings
A29: Historical Tracking | B29: Attendance data preserved for trend analysis
A31: 5. CUSTOMIZATION CAPABILITIES
A32: School Branding | B32: School name, logo area, exam name, academic year all editable
A33: Head Teacher Details | B33: Name, school address, contact info
A34: Class Teacher Assignment | B34: Per-class teacher names configurable
A35: Subject Mapping | B35: Add/remove subjects, rename subjects, set full marks per subject
A36: Report Card Layout | B36: Toggle visibility: guardian name, village, attendance, merit rank, GPA, signature
A38: 6. MULTI-CLASS MANAGEMENT
A39: Parallel Processing | B39: Manage 5 classes simultaneously with independent data sets
A40: Class-Specific Settings | B40: Different full marks, pass %, subjects per class allowed
A41: Consolidated Dashboard | B41: Single view of all 5 classes with comparative metrics
A42: Cross-Class Reports | B42: Export class-wise performance comparison (coming in v2.1)
A44: 7. DATA INTEGRITY & VALIDATION
A45: Formula Protection | B45: All calculation cells locked to prevent accidental modification
A46: Input Validation | B46: Marks restricted to valid range (0 to class full mark)
A47: Error Detection | B47: Automatic highlighting of missing data or formula errors
A48: Backup Mechanism | B48: Easy copy-paste backup of entire class data
A50: 8. EXPORT & DISTRIBUTION
A51: PDF Export | B51: Print cards → Save as PDF for digital distribution
A52: Digital Sharing | B52: Email cards to parents (requires email merge tool)
A53: Data Export | B53: Export results to CSV for further analysis
A54: Print Batching | B54: Print 50+ cards in one workflow (5-10 minutes)
A56: 9. LANGUAGE & LOCALIZATION
A57: Bilingual Interface | B57: All labels in English & Bengali
A58: Regional Customization | B58: Support for Bengali (বাংলা) numerals if needed
A59: Date Formatting | B59: Bengali calendar support (coming in v2.2)
A61: 10. PERFORMANCE OPTIMIZATION
A62: Load Time | B62: < 2 seconds even with 200+ records
A63: Calculation Speed | B63: Dashboard updates in < 1 second after data entry
A64: File Size | B64: ~ 500 KB (can handle 5 MB with charts)
A65: No Dependencies | B65: Standalone Excel file, no plugins or add-ins needed
A67: ENTERPRISE-READY SPECIFICATIONS
A69: Security | B69: Password-protected formula cells, editable settings only
A70: Audit Trail | B70: Change tracking enabled (File > Info > Track Changes)
A71: Data Persistence | B71: All data saved in standard .xlsx format (future-proof)
A72: Accessibility | B72: Designed for keyboard navigation and screen reader compatibility
A73: Version Control | B73: File naming convention supports revision tracking
A74: Disaster Recovery | B74: Easy backup/restore (copy-paste entire sheets)
A76: TECHNICAL ARCHITECTURE
A78: Calculation Model | B78: Spreadsheet formulas (not VBA), fully visible and auditable
A79: Data Model | B79: Normalized: Settings → Lookup Tables → Student Records → Results
A80: Formula Complexity | B80: SUM, AVERAGE, VLOOKUP, IF, COUNTIF for transparency
A81: Sheet Hierarchy | B81: Settings (top) → Data Entry (middle) → Reports (bottom)
A82: Scalability | B82: Tested with 40 students/class, supports 200+ with performance maintained
A84: DEPLOYMENT CHECKLIST
A86: Pre-Launch | B86: ✓ Test with sample data (provided)
B87: ✓ Customize school settings (10 min)
B88: ✓ Train 2-3 staff on data entry
B89: ✓ Set up backup procedures
A90: Launch | B90: ✓ Enter all student names & roll numbers
B91: ✓ Configure subjects & full marks
B92: ✓ Set passing criteria & grade scale
A93: Execution | B93: ✓ Data entry during exam result tabulation
B94: ✓ Daily backup (Friday end-of-day minimum)
B95: ✓ Monitor dashboard for anomalies
A96: Post-Processing | B96: ✓ Review cards for accuracy
B97: ✓ Print & sign by authorized staff
B98: ✓ Distribute to parents/students

Sheet Premium UX Guide
A1: Premium UX Guide — Royal Convent Theme v1.2
A2: Theme inspired by formal academic record cards: burgundy ribbon, gold accents, cream paper texture, cyan grading scale, green/pink activity panels. | B2: Oxford navy + sky blue + emerald success + warm gold + clean paper background
A3: Icon policy: lightweight Unicode icons only; no external icon fonts, no downloads, no macros. | B3: Unicode-safe icons: ◆ ◆ ■ ◆ ◆ ✓ ✓ ★ ◆ ●. No image downloads or web assets.
A4: Font policy: Nirmala UI / Calibri fallback for Bengali + English compatibility across Excel, Google Sheets, WPS and LibreOffice. | B4: Bengali: Nirmala UI / Noto Sans Bengali. English: Aptos / Calibri. Reliable fallback allowed.
A5: Print policy: report card sheets are A4 portrait, fit to 1 page, centered, print area A1:I31. | B5: High contrast, subtle fills, one-page A4 cards, readable in black & white.
A6: Color palette: burgundy, gold, cream paper, cyan grade scale, emerald success, magenta discipline. | B6: No macros, no scripts, no external links, no custom downloadable fonts, no internet dependency.
A7: QC note: visual theme upgraded while preserving formulas, pass/fail logic, protection, and offline-safe workbook behavior. | B7: Modern dashboard feel, formal school document print quality, stable cross-platform formulas.

Sheet TEACHER INSTRUCTIONS
A1: School Result Card - Teacher Instructions
A2: Use this sheet before entering marks or printing result cards. Blue cells are editable input cells. Gray/formula cells should not be edited.
A4: Step | B4: Topic | C4: Instruction
A5: 1 | B5: Enter school/exam setup | C5: Go to Settings. Fill School Name, Exam Name, Academic Year, Default Section, Publication Date, subject full marks, pass %, and grade table.
A6: 2 | B6: Enter student information | C6: Use class sheets: প্রথম, দ্বিতীয়, তৃতীয়, চতুর্থ, পঞ্চম. Enter Roll/ID, Student Name, Guardian/parent information, Village, and Section if needed.
A7: 3 | B7: Enter subject marks | C7: Enter obtained marks only in the blue mark-entry cells. Do not type in Total, Average %, GPA, Grade, Result, Remark, or QC Flag columns.
A8: 4 | B8: Subject setup | C8: For Class 1-2, Drawing is used. For Class 3-5, Primary Science is used. Full marks and pass % are controlled from Settings.
A9: 5 | B9: How grades are calculated | C9: Percentage is calculated from active subjects only. Grade and GPA are looked up from the Settings grade table using the minimum percentage boundary. Keep grade boundaries sorted from lowest to highest.
A10: 6 | B10: Pass/Fail rule | C10: Final Result follows Policy A: if any active compulsory subject is below pass mark, the student is Fail. If all active compulsory subjects pass, the student is Pass. Missing active marks show Incomplete.
A11: 7 | B11: Edit grade settings | C11: In Settings, edit only the grade boundary, grade name, GPA, and remarks table. Do not delete rows/columns in the grade table unless formulas are reviewed afterward.
A12: 8 | B12: Print/export PDF | C12: Open the needed Card sheet, select the student roll if applicable, then print/export. Cards are set to A4, Portrait, Fit to 1 page wide x 1 page tall, gridlines off.
A13: 9 | B13: Cells not to edit | C13: Do not edit formula/output cells, protected areas, report-card calculated fields, hidden helper rows, Dashboard formulas, or audit sheets unless you are an admin.
A14: 10 | B14: Avoid formula damage | C14: Use blue cells for entry. If a formula cell is accidentally changed, restore it from a backup copy of the workbook. Keep protection enabled where possible.
A15: 11 | B15: Compatibility notes | C15: Workbook is designed for Excel Desktop/Online, Google Sheets, WPS, LibreOffice, OnlyOffice, and mobile apps where possible. Avoid adding macros, XLOOKUP, FILTER, SORT, UNIQUE, LET, LAMBDA, or external links.
... A17: 13 | B17: MTR competency tracking | C17: Use MTR প্রথম..পঞ্চম sheets: mark হ্যাঁ/না per student for Bangla/Math/English competency. MTR Summary auto-rolls totals and builds the official কালাই, জয়পুরহাট submission block.
A18: Quick meaning of colors
A19: Blue/light-blue cells | B19: Editable input cells | C19: Teachers/admin staff can enter data here.
A20: Gray/light-gray cells | B20: Formula/output cells | C20: Do not edit unless you are repairing formulas.
A21: Red/Fail text | B21: Needs attention | C21: Fail status or issue is shown by text and color, not color alone.
A22: Final production note | B22: Report card inactive subject rows | C22: If a subject full mark is blank or 0 in Settings, it will not print as a subject row on the card and will not affect totals or GPA.
A23: Final production note | B23: Before publishing | C23: Check QC Flag, preview PDF, and verify a sample student from each class before final distribution.
A24: Final production note
A25: Student Name | B25: Required | C25: Enter on the correct class sheet.
A26: Student ID/Roll | B26: Required | C26: Use a unique roll number per class.
A27: Class | B27: Required | C27: Use the correct class sheet and/or dropdown in Report Card Hub.
A28: Section | B28: Recommended | C28: Use Settings default or class sheet input where available.
A29: Exam Name | B29: Required | C29: Enter in Settings.
A30: Academic Year | B30: Required | C30: Enter in Settings.
A31: Subject Names | B31: Required | C31: Controlled in Settings; avoid renaming subject headers directly in class sheets.
A32: Full Marks | B32: Required | C32: Enter in Settings for each class/subject. Blank or zero full mark means inactive subject.
A33: Pass Marks / Pass % | B33: Required | C33: Enter in Settings. Used for subject and final pass/fail logic.
A34: Obtained Marks | B34: Required for active subjects | C34: Enter in class sheets only.
A35: Attendance | B35: Optional/required by school | C35: Enter attendance percentage in class sheets.
A36: Publication Date | B36: Required before printing | C36: Enter in Settings; it appears on report cards.
A60: Final QA Notes | B60: Use this file after checking Settings, class sheets, and card preview.
A61: Editable cells | B61: Blue cells are editable. Formula/result cells are protected and should not be edited.
A62: Subject policy | B62: Class 1-2 use Drawing. Class 3-5 use Primary Science. Blank/zero full marks make a subject inactive.
A63: Pass/Fail policy | B63: If any active compulsory subject is below pass mark, Final Result is Fail. Missing active marks show Incomplete.
A64: Printing | B64: Open one Card sheet per class, select roll, preview as A4 Portrait, then export/print PDF.
A65: Compatibility | B65: No macros, VBA, external links, Power Query, or dynamic-array formulas are used.

Sheet Dashboard
A1: ULTIMATE SCHOOL RESULT COMMAND CENTER
A2: Convent-inspired premium theme • clean status widgets • cross-platform safe
A4: শ্রেণি | B4: মোট শিক্ষার্থী | C4: বিষয় | D4: Class Avg % | E4: Passed | F4: Pass % | G4: Top Avg | H4: A+ Count | I4: Needs Care | J4: Status | K4: Completed | L4: Incomplete | M4: Pass % Completed
A5: প্রথম | B5: =IFERROR(COUNTA(প্রথম!$D$6:$D$45),0) -> 35 | C5: =IFERROR(COUNTIF(প্রথম!$G$4:$N$4,">0"),0) -> 3 | D5: =IFERROR(IF(B5=0,0,IF(COUNT(প্রথম!$P$6:$P$45)=0,0,ROUND(AVERAGE(প্রথম!$P$6:$P$45),2))),0) -> 71.11 | E5: =IFERROR(COUNTIF(প্রথম!$S$6:$S$45,"Passed"),0) -> 28 | F5: =IFERROR(IF(B5=0,0,ROUND(E5/B5*100,2)),0) -> 80 | G5: =IFERROR(IF(B5=0,0,IF(COUNT(প্রথম!$P$6:$P$45)=0,0,MAX(প্রথম!$P$6:$P$45))),0) -> 99.33 | H5: =IFERROR(COUNTIF(প্রথম!$R$6:$R$45,"A+"),0) -> 16 | I5: =IFERROR(COUNTIF(প্রথম!$S$6:$S$45,"Needs Improvement"),0) -> 0 | J5: =IFERROR(IF(K5=0,"No completed marks",IF(M5>=90,"Excellent",IF(M5>=75,"Good","Review Needed"))),"Review Needed") -> Excellent | K5: =IFERROR(COUNTIF(প্রথম!$S$6:$S$45,"Passed")+COUNTIF(প্রথম!$S$6:$S$45,"Fail"),0) -> 31 | L5: =IFERROR(MAX(0,B5-K5),0) -> 4 | M5: =IFERROR(IF(K5=0,0,ROUND(E5/K5*100,2)),0) -> 90.32
A6: দ্বিতীয় | B6: =IFERROR(COUNTA(দ্বিতীয়!$D$6:$D$45),0) -> 22 | C6: =IFERROR(COUNTIF(দ্বিতীয়!$G$4:$N$4,">0"),0) -> 3 | D6: =IFERROR(IF(B6=0,0,IF(COUNT(দ্বিতীয়!$P$6:$P$45)=0,0,ROUND(AVERAGE(দ্বিতীয়!$P$6:$P$45),2))),0) -> 59.53 | E6: =IFERROR(COUNTIF(দ্বিতীয়!$S$6:$S$45,"Passed"),0) -> 16 | F6: =IFERROR(IF(B6=0,0,ROUND(E6/B6*100,2)),0) -> 72.73 | G6: =IFERROR(IF(B6=0,0,IF(COUNT(দ্বিতীয়!$P$6:$P$45)=0,0,MAX(দ্বিতীয়!$P$6:$P$45))),0) -> 87.33 | H6: =IFERROR(COUNTIF(দ্বিতীয়!$R$6:$R$45,"A+"),0) -> 3 | I6: =IFERROR(COUNTIF(দ্বিতীয়!$S$6:$S$45,"Needs Improvement"),0) -> 0 | J6: =IFERROR(IF(K6=0,"No completed marks",IF(M6>=90,"Excellent",IF(M6>=75,"Good","Review Needed"))),"Review Needed") -> Review Needed | K6: =IFERROR(COUNTIF(দ্বিতীয়!$S$6:$S$45,"Passed")+COUNTIF(দ্বিতীয়!$S$6:$S$45,"Fail"),0) -> 22 | L6: =IFERROR(MAX(0,B6-K6),0) -> 0 | M6: =IFERROR(IF(K6=0,0,ROUND(E6/K6*100,2)),0) -> 72.73
A7: তৃতীয় | B7: =IFERROR(COUNTA(তৃতীয়!$D$6:$D$45),0) -> 20 | C7: =IFERROR(COUNTIF(তৃতীয়!$G$4:$N$4,">0"),0) -> 6 | D7: =IFERROR(IF(B7=0,0,IF(COUNT(তৃতীয়!$P$6:$P$45)=0,0,ROUND(AVERAGE(তৃতীয়!$P$6:$P$45),2))),0) -> 40.82 | E7: =IFERROR(COUNTIF(তৃতীয়!$S$6:$S$45,"Passed"),0) -> 6 | F7: =IFERROR(IF(B7=0,0,ROUND(E7/B7*100,2)),0) -> 30 | G7: =IFERROR(IF(B7=0,0,IF(COUNT(তৃতীয়!$P$6:$P$45)=0,0,MAX(তৃতীয়!$P$6:$P$45))),0) -> 67.62 | H7: =IFERROR(COUNTIF(তৃতীয়!$R$6:$R$45,"A+"),0) -> 0 | I7: =IFERROR(COUNTIF(তৃতীয়!$S$6:$S$45,"Needs Improvement"),0) -> 0 | J7: =IFERROR(IF(K7=0,"No completed marks",IF(M7>=90,"Excellent",IF(M7>=75,"Good","Review Needed"))),"Review Needed") -> Review Needed | K7: =IFERROR(COUNTIF(তৃতীয়!$S$6:$S$45,"Passed")+COUNTIF(তৃতীয়!$S$6:$S$45,"Fail"),0) -> 19 | L7: =IFERROR(MAX(0,B7-K7),0) -> 1 | M7: =IFERROR(IF(K7=0,0,ROUND(E7/K7*100,2)),0) -> 31.58
A8: চতুর্থ | B8: =IFERROR(COUNTA(চতুর্থ!$D$6:$D$45),0) -> 17 | C8: =IFERROR(COUNTIF(চতুর্থ!$G$4:$N$4,">0"),0) -> 6 | D8: =IFERROR(IF(B8=0,0,IF(COUNT(চতুর্থ!$P$6:$P$45)=0,0,ROUND(AVERAGE(চতুর্থ!$P$6:$P$45),2))),0) -> 38.14 | E8: =IFERROR(COUNTIF(চতুর্থ!$S$6:$S$45,"Passed"),0) -> 3 | F8: =IFERROR(IF(B8=0,0,ROUND(E8/B8*100,2)),0) -> 17.65 | G8: =IFERROR(IF(B8=0,0,IF(COUNT(চতুর্থ!$P$6:$P$45)=0,0,MAX(চতুর্থ!$P$6:$P$45))),0) -> 63.33 | H8: =IFERROR(COUNTIF(চতুর্থ!$R$6:$R$45,"A+"),0) -> 0 | I8: =IFERROR(COUNTIF(চতুর্থ!$S$6:$S$45,"Needs Improvement"),0) -> 0 | J8: =IFERROR(IF(K8=0,"No completed marks",IF(M8>=90,"Excellent",IF(M8>=75,"Good","Review Needed"))),"Review Needed") -> Review Needed | K8: =IFERROR(COUNTIF(চতুর্থ!$S$6:$S$45,"Passed")+COUNTIF(চতুর্থ!$S$6:$S$45,"Fail"),0) -> 15 | L8: =IFERROR(MAX(0,B8-K8),0) -> 2 | M8: =IFERROR(IF(K8=0,0,ROUND(E8/K8*100,2)),0) -> 20
A9: পঞ্চম | B9: =IFERROR(COUNTA(পঞ্চম!$D$6:$D$45),0) -> 12 | C9: =IFERROR(COUNTIF(পঞ্চম!$G$4:$N$4,">0"),0) -> 6 | D9: =IFERROR(IF(B9=0,0,IF(COUNT(পঞ্চম!$P$6:$P$45)=0,0,ROUND(AVERAGE(পঞ্চম!$P$6:$P$45),2))),0) -> 54.43 | E9: =IFERROR(COUNTIF(পঞ্চম!$S$6:$S$45,"Passed"),0) -> 4 | F9: =IFERROR(IF(B9=0,0,ROUND(E9/B9*100,2)),0) -> 33.33 | G9: =IFERROR(IF(B9=0,0,IF(COUNT(পঞ্চম!$P$6:$P$45)=0,0,MAX(পঞ্চম!$P$6:$P$45))),0) -> 69.76 | H9: =IFERROR(COUNTIF(পঞ্চম!$R$6:$R$45,"A+"),0) -> 0 | I9: =IFERROR(COUNTIF(পঞ্চম!$S$6:$S$45,"Needs Improvement"),0) -> 0 | J9: =IFERROR(IF(K9=0,"No completed marks",IF(M9>=90,"Excellent",IF(M9>=75,"Good","Review Needed"))),"Review Needed") -> Review Needed | K9: =IFERROR(COUNTIF(পঞ্চম!$S$6:$S$45,"Passed")+COUNTIF(পঞ্চম!$S$6:$S$45,"Fail"),0) -> 11 | L9: =IFERROR(MAX(0,B9-K9),0) -> 1 | M9: =IFERROR(IF(K9=0,0,ROUND(E9/K9*100,2)),0) -> 36.36
A12: LIVE KPI WIDGETS / সারসংক্ষেপ
A13: Unique edge: offline-safe report card, result hub, dashboard, grade policy, QA certificate, competitor benchmark, print-safe design system. | J13: Release Gate: Platform-Safe / No Macro / Offline Ready
A15: =IFERROR(SUM(B5:B9),0) -> 106 | C15: =IFERROR(IF(SUM(B5:B9)=0,0,ROUND(SUMPRODUCT(D5:D9,B5:B9)/SUM(B5:B9),2)),0) -> 55.82 | E15: =IFERROR(IF(SUM(B5:B9)=0,0,ROUND(SUM(E5:E9)/SUM(B5:B9)*100,2)),0) -> 53.77 | G15: =IFERROR(SUM(H5:H9),0) -> 19

Sheet Executive Summary
A1: =IFERROR(Settings!$B$5,"") -> বেজখন্ড সঃ প্রাঃ বিদ্যালয়
A2: নির্বাহী সারসংক্ষেপ (Executive Summary) — বিদ্যালয় পরিদর্শন প্রতিবেদন
A3: =IFERROR("প্রস্তুতকারী তারিখ: "&TEXT(TODAY(),"DD-MM-YYYY"),"") -> প্রস্তুতকারী তারিখ: 11-07-2026
A5: মোট শিক্ষার্থী | D5: গড় ফলাফল % | G5: পাস % | J5: A+ সংখ্যা
A6: =IFERROR(Dashboard!A15,"") -> 106 | D6: =IFERROR(ROUND(Dashboard!C15,1),"") -> 55.8 | G6: =IFERROR(ROUND(Dashboard!E15,1),"") -> 53.8 | J6: =IFERROR(Dashboard!G15,"") -> 19
A9: শ্রেণিভিত্তিক ফলাফল
A10: শ্রেণি | D10: মোট শিক্ষার্থী | G10: গড় % | J10: পাস % | L10: অবস্থা
A11: =Dashboard!A5 -> প্রথম | D11: =Dashboard!B5 -> 35 | G11: =ROUND(Dashboard!D5,1) -> 71.1 | J11: =ROUND(Dashboard!F5,1) -> 80 | L11: =Dashboard!J5 -> Excellent
A12: =Dashboard!A6 -> দ্বিতীয় | D12: =Dashboard!B6 -> 22 | G12: =ROUND(Dashboard!D6,1) -> 59.5 | J12: =ROUND(Dashboard!F6,1) -> 72.7 | L12: =Dashboard!J6 -> Review Needed
A13: =Dashboard!A7 -> তৃতীয় | D13: =Dashboard!B7 -> 20 | G13: =ROUND(Dashboard!D7,1) -> 40.8 | J13: =ROUND(Dashboard!F7,1) -> 30 | L13: =Dashboard!J7 -> Review Needed
A14: =Dashboard!A8 -> চতুর্থ | D14: =Dashboard!B8 -> 17 | G14: =ROUND(Dashboard!D8,1) -> 38.1 | J14: =ROUND(Dashboard!F8,1) -> 17.7 | L14: =Dashboard!J8 -> Review Needed
A15: =Dashboard!A9 -> পঞ্চম | D15: =Dashboard!B9 -> 12 | G15: =ROUND(Dashboard!D9,1) -> 54.4 | J15: =ROUND(Dashboard!F9,1) -> 33.3 | L15: =Dashboard!J9 -> Review Needed
A18: মিড টার্ম রিভিউ (MTR) — সরকারি জমা ফরম্যাট, কালাই জয়পুরহাট
B19: ৩য় শ্রেণি (বাংলা) | F19: ৪র্থ শ্রেণি (গণিত) | J19: ৫ম শ্রেণি (ইংরেজি)
B20: মোট | C20: সক্ষম | D20: অক্ষম | E20: হার % | F20: মোট | G20: সক্ষম | H20: অক্ষম | I20: হার % | J20: মোট | K20: সক্ষম | L20: অক্ষম | M20: হার %
B21: ='MTR Summary'!B17 -> 20 | C21: ='MTR Summary'!C17 -> 0 | D21: ='MTR Summary'!D17 -> 0 | E21: ='MTR Summary'!E17 -> 0 | F21: ='MTR Summary'!F17 -> 17 | G21: ='MTR Summary'!G17 -> 0 | H21: ='MTR Summary'!H17 -> 0 | I21: ='MTR Summary'!I17 -> 0 | ... M21: ='MTR Summary'!M17 -> 0
J24: প্রধান শিক্ষকের স্বাক্ষর ও সীল

Sheet Report Card Hub
A1: ◆ Premium Report Card Hub
A2: Select class and roll. Open the matching Card sheet and print A4. | C2: Widget | D2: Purpose
C3: Class + Roll Selector | D3: Select class/roll, then open matching Card sheet for print.
A4: Select Class / শ্রেণি | B4: প্রথম | C4: Premium Print Mode | D4: All card sheets are A4 portrait, one-page print-ready.
A5: Select Roll / রোল | B5: 1 | C5: Safety Mode | D5: Formula cells locked; input cells editable.
A6: Matching Print Sheet | B6: =IFERROR(CONCATENATE("Card ",B4),"") -> Card প্রথম | C6: Compatibility Mode | D6: No macros, no scripts, no external links.
A7: Note: Change B4 (Roll) to 1–40 to load any student. Open the matching Card sheet to print.
A8: Release Gate Status | B8: Fixed: print areas, protection, dashboard metrics, and user-facing sheet package applied
A10: MTR Tracking: Enter per-student competency in MTR প্রথম–পঞ্চম sheets. See "MTR Summary" for rollups + official submission format.

Sheet Student Search
A1: =IFERROR(Settings!$B$5,"") -> বেজখন্ড সঃ প্রাঃ বিদ্যালয়
A2: শিক্ষার্থী অনুসন্ধান | যেকোনো শ্রেণির যেকোনো শিক্ষার্থীর সম্পূর্ণ প্রোফাইল (একাডেমিক + MTR)
P3: শ্রেণি | Q3: রোল | R3: নাম | S3: লেবেল
A4: শিক্ষার্থী নির্বাচন করুন: | P4: প্রথম | Q4: =IFERROR(IF(প্রথম!B6="","",প্রথম!B6),"") -> 1 | R4: =IFERROR(IF(প্রথম!D6="","",প্রথম!D6),"") -> মেঘনা | S4: =IF($R4="","",$P4&" - "&$R4&" (Roll "&$Q4&")") -> প্রথম - মেঘনা (Roll 1)
P5: প্রথম | Q5: =IFERROR(IF(প্রথম!B7="","",প্রথম!B7),"") -> 2 | R5: =IFERROR(IF(প্রথম!D7="","",প্রথম!D7),"") -> রওজা | S5: =IF($R5="","",$P5&" - "&$R5&" (Roll "&$Q5&")") -> প্রথম - রওজা (Roll 2)
A6: শ্রেণি | B6: =IFERROR(IF($B$4="","",INDEX($P$4:$P$203,MATCH($B$4,$S$4:$S$203,0))),"") | C6: রোল | D6: =IFERROR(IF($B$4="","",INDEX($Q$4:$Q$203,MATCH($B$4,$S$4:$S$203,0))),"") | P6: প্রথম | Q6: =IFERROR(IF(প্রথম!B8="","",প্রথম!B8),"") -> 3 | R6: =IFERROR(IF(প্রথম!D8="","",প্রথম!D8),"") -> রামিশা | S6: =IF($R6="","",$P6&" - "&$R6&" (Roll "&$Q6&")") -> প্রথম - রামিশা (Roll 3)
A7: নাম | B7: =IFERROR(IF($B$4="","",VLOOKUP($D$6,INDIRECT("'"&$B$6&"'!$B$6:$V$45"),3,FALSE())),"") | P7: প্রথম | Q7: =IFERROR(IF(প্রথম!B9="","",প্রথম!B9),"") -> 4 | R7: =IFERROR(IF(প্রথম!D9="","",প্রথম!D9),"") -> ইবতিহাজ | S7: =IF($R7="","",$P7&" - "&$R7&" (Roll "&$Q7&")") -> প্রথম - ইবতিহাজ (Roll 4)
A8: অভিভাবক | B8: =IFERROR(IF($B$4="","",VLOOKUP($D$6,INDIRECT("'"&$B$6&"'!$B$6:$V$45"),4,FALSE())),"") | C8: গ্রাম | D8: =IFERROR(IF($B$4="","",VLOOKUP($D$6,INDIRECT("'"&$B$6&"'!$B$6:$V$45"),5,FALSE())),"") | P8: প্রথম | Q8: =IFERROR(IF(প্রথম!B10="","",প্রথম!B10),"") -> 5 | R8: =IFERROR(IF(প্রথম!D10="","",প্রথম!D10),"") -> ফাহিম আব্দুল্লাহ | S8: =IF($R8="","",$P8&" - "&$R8&" (Roll "&$Q8&")") -> প্রথম - ফাহিম আব্দুল্লাহ (Roll 5)
P9: প্রথম | Q9: =IFERROR(IF(প্রথম!B11="","",প্রথম!B11),"") -> 6 | R9: =IFERROR(IF(প্রথম!D11="","",প্রথম!D11),"") -> রেজুওয়ান | S9: =IF($R9="","",$P9&" - "&$R9&" (Roll "&$Q9&")") -> প্রথম - রেজুওয়ান (Roll 6)
A10: বিষয়ভিত্তিক ফলাফল | P10: প্রথম | Q10: =IFERROR(IF(প্রথম!B12="","",প্রথম!B12),"") -> 7 | R10: =IFERROR(IF(প্রথম!D12="","",প্রথম!D12),"") -> ফাতেমা | S10: =IF($R10="","",$P10&" - "&$R10&" (Roll "&$Q10&")") -> প্রথম - ফাতেমা (Roll 7)
A11: বিষয় | B11: প্রাপ্ত নম্বর | P11: প্রথম | Q11: =IFERROR(IF(প্রথম!B13="","",প্রথম!B13),"") -> 8 | R11: =IFERROR(IF(প্রথম!D13="","",প্রথম!D13),"") -> এশা মুনি | S11: =IF($R11="","",$P11&" - "&$R11&" (Roll "&$Q11&")") -> প্রথম - এশা মুনি (Roll 8)
A12: =IFERROR(IF($B$4="","",INDIRECT("'"&$B$6&"'!$G$5")),"") | B12: =IFERROR(IF($B$4="","",IF(INDIRECT("'"&$B$6&"'!$G$5")="","",VLOOKUP($D$6,INDIRECT("'"&$B$6&"'!$B$6:$V$45"),6,FALSE()))),"") | P12: প্রথম | Q12: =IFERROR(IF(প্রথম!B14="","",প্রথম!B14),"") -> 9 | R12: =IFERROR(IF(প্রথম!D14="","",প্রথম!D14),"") -> তাবাসসুম | S12: =IF($R12="","",$P12&" - "&$R12&" (Roll "&$Q12&")") -> প্রথম - তাবাসসুম (Roll 9)
A13: =IFERROR(IF($B$4="","",INDIRECT("'"&$B$6&"'!$H$5")),"") | B13: =IFERROR(IF($B$4="","",IF(INDIRECT("'"&$B$6&"'!$H$5")="","",VLOOKUP($D$6,INDIRECT("'"&$B$6&"'!$B$6:$V$45"),7,FALSE()))),"") | P13: প্রথম | Q13: =IFERROR(IF(প্রথম!B15="","",প্রথম!B15),"") -> 10 | R13: =IFERROR(IF(প্রথম!D15="","",প্রথম!D15),"") -> তানভীর | S13: =IF($R13="","",$P13&" - "&$R13&" (Roll "&$Q13&")") -> প্রথম - তানভীর (Roll 10)
A14: =IFERROR(IF($B$4="","",INDIRECT("'"&$B$6&"'!$I$5")),"") | B14: =IFERROR(IF($B$4="","",IF(INDIRECT("'"&$B$6&"'!$I$5")="","",VLOOKUP($D$6,INDIRECT("'"&$B$6&"'!$B$6:$V$45"),8,FALSE()))),"") | P14: প্রথম | Q14: =IFERROR(IF(প্রথম!B16="","",প্রথম!B16),"") -> 11 | R14: =IFERROR(IF(প্রথম!D16="","",প্রথম!D16),"") -> জুনায়েদ | S14: =IF($R14="","",$P14&" - "&$R14&" (Roll "&$Q14&")") -> প্রথম - জুনায়েদ (Roll 11)
A15: =IFERROR(IF($B$4="","",INDIRECT("'"&$B$6&"'!$J$5")),"") | B15: =IFERROR(IF($B$4="","",IF(INDIRECT("'"&$B$6&"'!$J$5")="","",VLOOKUP($D$6,INDIRECT("'"&$B$6&"'!$B$6:$V$45"),9,FALSE()))),"") | P15: প্রথম | Q15: =IFERROR(IF(প্রথম!B17="","",প্রথম!B17),"") -> 12 | R15: =IFERROR(IF(প্রথম!D17="","",প্রথম!D17),"") -> আব্দুল্লাহ মুরাদ | S15: =IF($R15="","",$P15&" - "&$R15&" (Roll "&$Q15&")") -> প্রথম - আব্দুল্লাহ মুরাদ (Roll 12)
A16: =IFERROR(IF($B$4="","",INDIRECT("'"&$B$6&"'!$K$5")),"") | B16: =IFERROR(IF($B$4="","",IF(INDIRECT("'"&$B$6&"'!$K$5")="","",VLOOKUP($D$6,INDIRECT("'"&$B$6&"'!$B$6:$V$45"),10,FALSE()))),"") | P16: প্রথম | Q16: =IFERROR(IF(প্রথম!B18="","",প্রথম!B18),"") -> 13 | R16: =IFERROR(IF(প্রথম!D18="","",প্রথম!D18),"") -> আয়মান | S16: =IF($R16="","",$P16&" - "&$R16&" (Roll "&$Q16&")") -> প্রথম - আয়মান (Roll 13)
A17: =IFERROR(IF($B$4="","",INDIRECT("'"&$B$6&"'!$L$5")),"") | B17: =IFERROR(IF($B$4="","",IF(INDIRECT("'"&$B$6&"'!$L$5")="","",VLOOKUP($D$6,INDIRECT("'"&$B$6&"'!$B$6:$V$45"),11,FALSE()))),"") | P17: প্রথম | Q17: =IFERROR(IF(প্রথম!B19="","",প্রথম!B19),"") -> 14 | R17: =IFERROR(IF(প্রথম!D19="","",প্রথম!D19),"") -> আল হাবিব | S17: =IF($R17="","",$P17&" - "&$R17&" (Roll "&$Q17&")") -> প্রথম - আল হাবিব (Roll 14)
A18: =IFERROR(IF($B$4="","",INDIRECT("'"&$B$6&"'!$M$5")),"") | B18: =IFERROR(IF($B$4="","",IF(INDIRECT("'"&$B$6&"'!$M$5")="","",VLOOKUP($D$6,INDIRECT("'"&$B$6&"'!$B$6:$V$45"),12,FALSE()))),"") | P18: প্রথম | Q18: =IFERROR(IF(প্রথম!B20="","",প্রথম!B20),"") -> 15 | R18: =IFERROR(IF(প্রথম!D20="","",প্রথম!D20),"") -> আলিফ | S18: =IF($R18="","",$P18&" - "&$R18&" (Roll "&$Q18&")") -> প্রথম - আলিফ (Roll 15)
A19: =IFERROR(IF($B$4="","",INDIRECT("'"&$B$6&"'!$N$5")),"") | B19: =IFERROR(IF($B$4="","",IF(INDIRECT("'"&$B$6&"'!$N$5")="","",VLOOKUP($D$6,INDIRECT("'"&$B$6&"'!$B$6:$V$45"),13,FALSE()))),"") | P19: প্রথম | Q19: =IFERROR(IF(প্রথম!B21="","",প্রথম!B21),"") -> 16 | R19: =IFERROR(IF(প্রথম!D21="","",প্রথম!D21),"") -> মাসুদ রানা | S19: =IF($R19="","",$P19&" - "&$R19&" (Roll "&$Q19&")") -> প্রথম - মাসুদ রানা (Roll 16)
P20: প্রথম | Q20: =IFERROR(IF(প্রথম!B22="","",প্রথম!B22),"") -> 17 | R20: =IFERROR(IF(প্রথম!D22="","",প্রথম!D22),"") -> শারমিন | S20: =IF($R20="","",$P20&" - "&$R20&" (Roll "&$Q20&")") -> প্রথম - শারমিন (Roll 17)
A21: সার্বিক ফলাফল | P21: প্রথম | Q21: =IFERROR(IF(প্রথম!B23="","",প্রথম!B23),"") -> 18 | R21: =IFERROR(IF(প্রথম!D23="","",প্রথম!D23),"") -> রিয়া | S21: =IF($R21="","",$P21&" - "&$R21&" (Roll "&$Q21&")") -> প্রথম - রিয়া (Roll 18)
A22: মোট | B22: =IFERROR(IF($B$4="","",VLOOKUP($D$6,INDIRECT("'"&$B$6&"'!$B$6:$V$45"),14,FALSE())),"") | P22: প্রথম | Q22: =IFERROR(IF(প্রথম!B24="","",প্রথম!B24),"") -> 19 | R22: =IFERROR(IF(প্রথম!D24="","",প্রথম!D24),"") -> তাসফিয়া | S22: =IF($R22="","",$P22&" - "&$R22&" (Roll "&$Q22&")") -> প্রথম - তাসফিয়া (Roll 19)
A23: গড় % | B23: =IFERROR(IF($B$4="","",VLOOKUP($D$6,INDIRECT("'"&$B$6&"'!$B$6:$V$45"),15,FALSE())),"") | P23: প্রথম | Q23: =IFERROR(IF(প্রথম!B25="","",প্রথম!B25),"") -> 20 | R23: =IFERROR(IF(প্রথম!D25="","",প্রথম!D25),"") -> মরিয়ম | S23: =IF($R23="","",$P23&" - "&$R23&" (Roll "&$Q23&")") -> প্রথম - মরিয়ম (Roll 20)
A24: GPA | B24: =IFERROR(IF($B$4="","",VLOOKUP($D$6,INDIRECT("'"&$B$6&"'!$B$6:$V$45"),16,FALSE())),"") | P24: প্রথম | Q24: =IFERROR(IF(প্রথম!B26="","",প্রথম!B26),"") -> 21 | R24: =IFERROR(IF(প্রথম!D26="","",প্রথম!D26),"") -> নবিউল্লাহ | S24: =IF($R24="","",$P24&" - "&$R24&" (Roll "&$Q24&")") -> প্রথম - নবিউল্লাহ (Roll 21)
A25: গ্রেড | B25: =IFERROR(IF($B$4="","",VLOOKUP($D$6,INDIRECT("'"&$B$6&"'!$B$6:$V$45"),17,FALSE())),"") | P25: প্রথম | Q25: =IFERROR(IF(প্রথম!B27="","",প্রথম!B27),"") -> 22 | R25: =IFERROR(IF(প্রথম!D27="","",প্রথম!D27),"") -> জুনায়েদ ২ | S25: =IF($R25="","",$P25&" - "&$R25&" (Roll "&$Q25&")") -> প্রথম - জুনায়েদ ২ (Roll 22)
A26: ফলাফল | B26: =IFERROR(IF($B$4="","",VLOOKUP($D$6,INDIRECT("'"&$B$6&"'!$B$6:$V$45"),18,FALSE())),"") | P26: প্রথম | Q26: =IFERROR(IF(প্রথম!B28="","",প্রথম!B28),"") -> 23 | R26: =IFERROR(IF(প্রথম!D28="","",প্রথম!D28),"") -> জিসান | S26: =IF($R26="","",$P26&" - "&$R26&" (Roll "&$Q26&")") -> প্রথম - জিসান (Roll 23)
A27: উপস্থিতি % | B27: =IFERROR(IF($B$4="","",VLOOKUP($D$6,INDIRECT("'"&$B$6&"'!$B$6:$V$45"),19,FALSE())),"") | P27: প্রথম | Q27: =IFERROR(IF(প্রথম!B29="","",প্রথম!B29),"") -> 24 | R27: =IFERROR(IF(প্রথম!D29="","",প্রথম!D29),"") -> শিহাব | S27: =IF($R27="","",$P27&" - "&$R27&" (Roll "&$Q27&")") -> প্রথম - শিহাব (Roll 24)
A28: মন্তব্য | B28: =IFERROR(IF($B$4="","",VLOOKUP($D$6,INDIRECT("'"&$B$6&"'!$B$6:$V$45"),20,FALSE())),"") | P28: প্রথম | Q28: =IFERROR(IF(প্রথম!B30="","",প্রথম!B30),"") -> 25 | R28: =IFERROR(IF(প্রথম!D30="","",প্রথম!D30),"") -> হাইবাতুল্লাহ | S28: =IF($R28="","",$P28&" - "&$R28&" (Roll "&$Q28&")") -> প্রথম - হাইবাতুল্লাহ (Roll 25)
P29: প্রথম | Q29: =IFERROR(IF(প্রথম!B31="","",প্রথম!B31),"") -> 26 | R29: =IFERROR(IF(প্রথম!D31="","",প্রথম!D31),"") -> রিমন | S29: =IF($R29="","",$P29&" - "&$R29&" (Roll "&$Q29&")") -> প্রথম - রিমন (Roll 26)
A30: MTR দক্ষতা যাচাই (Mid Term Review) | P30: প্রথম | Q30: =IFERROR(IF(প্রথম!B32="","",প্রথম!B32),"") -> 27 | R30: =IFERROR(IF(প্রথম!D32="","",প্রথম!D32),"") -> রবিউল | S30: =IF($R30="","",$P30&" - "&$R30&" (Roll "&$Q30&")") -> প্রথম - রবিউল (Roll 27)
A31: বাংলা সাবলীল পঠন | B31: =IFERROR(IF($B$4="","",IF(VLOOKUP($D$6,INDIRECT("'MTR "&$B$6&"'!$B$4:$G$43"),3,FALSE())=0,"যাচাই হয়নি",VLOOKUP($D$6,INDIRECT("'MTR "&$B$6&"'!$B$4:$G$43"),3,FALSE()))),"") | P31: প্রথম | Q31: =IFERROR(IF(প্রথম!B33="","",প্রথম!B33),"") -> 28 | R31: =IFERROR(IF(প্রথম!D33="","",প্রথম!D33),"") -> সাদিকুল্লাহ | S31: =IF($R31="","",$P31&" - "&$R31&" (Roll "&$Q31&")") -> প্রথম - সাদিকুল্লাহ (Roll 28)
A32: গণিত চার নিয়ম দক্ষতা | B32: =IFERROR(IF($B$4="","",IF(VLOOKUP($D$6,INDIRECT("'MTR "&$B$6&"'!$B$4:$G$43"),4,FALSE())=0,"যাচাই হয়নি",VLOOKUP($D$6,INDIRECT("'MTR "&$B$6&"'!$B$4:$G$43"),4,FALSE()))),"") | P32: প্রথম | Q32: =IFERROR(IF(প্রথম!B34="","",প্রথম!B34),"") -> 29 | R32: =IFERROR(IF(প্রথম!D34="","",প্রথম!D34),"") -> তামিম | S32: =IF($R32="","",$P32&" - "&$R32&" (Roll "&$Q32&")") -> প্রথম - তামিম (Roll 29)
A33: English সাবলীল পঠন | B33: =IFERROR(IF($B$4="","",IF(VLOOKUP($D$6,INDIRECT("'MTR "&$B$6&"'!$B$4:$G$43"),5,FALSE())=0,"যাচাই হয়নি",VLOOKUP($D$6,INDIRECT("'MTR "&$B$6&"'!$B$4:$G$43"),5,FALSE()))),"") | P33: প্রথম | Q33: =IFERROR(IF(প্রথম!B35="","",প্রথম!B35),"") -> 30 | R33: =IFERROR(IF(প্রথম!D35="","",প্রথম!D35),"") -> রিফাত | S33: =IF($R33="","",$P33&" - "&$R33&" (Roll "&$Q33&")") -> প্রথম - রিফাত (Roll 30)
A34: MTR মন্তব্য | B34: =IFERROR(IF($B$4="","",VLOOKUP($D$6,INDIRECT("'MTR "&$B$6&"'!$B$4:$G$43"),6,FALSE())),"") | P34: প্রথম | Q34: =IFERROR(IF(প্রথম!B36="","",প্রথম!B36),"") -> 31 | R34: =IFERROR(IF(প্রথম!D36="","",প্রথম!D36),"") -> মো. আলী | S34: =IF($R34="","",$P34&" - "&$R34&" (Roll "&$Q34&")") -> প্রথম - মো. আলী (Roll 31)
P35: প্রথম | Q35: =IFERROR(IF(প্রথম!B37="","",প্রথম!B37),"") -> 32 | R35: =IFERROR(IF(প্রথম!D37="","",প্রথম!D37),"") -> নোমান | S35: =IF($R35="","",$P35&" - "&$R35&" (Roll "&$Q35&")") -> প্রথম - নোমান (Roll 32)
P36: প্রথম | Q36: =IFERROR(IF(প্রথম!B38="","",প্রথম!B38),"") -> 33 | R36: =IFERROR(IF(প্রথম!D38="","",প্রথম!D38),"") -> জিহাদ | S36: =IF($R36="","",$P36&" - "&$R36&" (Roll "&$Q36&")") -> প্রথম - জিহাদ (Roll 33)
P37: প্রথম | Q37: =IFERROR(IF(প্রথম!B39="","",প্রথম!B39),"") -> 34 | R37: =IFERROR(IF(প্রথম!D39="","",প্রথম!D39),"") -> সিয়াম | S37: =IF($R37="","",$P37&" - "&$R37&" (Roll "&$Q37&")") -> প্রথম - সিয়াম (Roll 34)
P38: প্রথম | Q38: =IFERROR(IF(প্রথম!B40="","",প্রথম!B40),"") -> 35 | R38: =IFERROR(IF(প্রথম!D40="","",প্রথম!D40),"") -> জান্নাতি | S38: =IF($R38="","",$P38&" - "&$R38&" (Roll "&$Q38&")") -> প্রথম - জান্নাতি (Roll 35)
P39: প্রথম | Q39: =IFERROR(IF(প্রথম!B41="","",প্রথম!B41),"") -> 36 | R39: =IFERROR(IF(প্রথম!D41="","",প্রথম!D41),"") | S39: =IF($R39="","",$P39&" - "&$R39&" (Roll "&$Q39&")")
P40: প্রথম | Q40: =IFERROR(IF(প্রথম!B42="","",প্রথম!B42),"") -> 37 | R40: =IFERROR(IF(প্রথম!D42="","",প্রথম!D42),"") | S40: =IF($R40="","",$P40&" - "&$R40&" (Roll "&$Q40&")")
P41: প্রথম | Q41: =IFERROR(IF(প্রথম!B43="","",প্রথম!B43),"") -> 38 | R41: =IFERROR(IF(প্রথম!D43="","",প্রথম!D43),"") | S41: =IF($R41="","",$P41&" - "&$R41&" (Roll "&$Q41&")")
P42: প্রথম | Q42: =IFERROR(IF(প্রথম!B44="","",প্রথম!B44),"") -> 39 | R42: =IFERROR(IF(প্রথম!D44="","",প্রথম!D44),"") | S42: =IF($R42="","",$P42&" - "&$R42&" (Roll "&$Q42&")")
P43: প্রথম | Q43: =IFERROR(IF(প্রথম!B45="","",প্রথম!B45),"") -> 40 | R43: =IFERROR(IF(প্রথম!D45="","",প্রথম!D45),"") | S43: =IF($R43="","",$P43&" - "&$R43&" (Roll "&$Q43&")")
P44: দ্বিতীয় | Q44: =IFERROR(IF(দ্বিতীয়!B6="","",দ্বিতীয়!B6),"") -> 1 | R44: =IFERROR(IF(দ্বিতীয়!D6="","",দ্বিতীয়!D6),"") -> রাব্বি হাসান | S44: =IF($R44="","",$P44&" - "&$R44&" (Roll "&$Q44&")") -> দ্বিতীয় - রাব্বি হাসান (Roll 1)
P45: দ্বিতীয় | Q45: =IFERROR(IF(দ্বিতীয়!B7="","",দ্বিতীয়!B7),"") -> 2 | R45: =IFERROR(IF(দ্বিতীয়!D7="","",দ্বিতীয়!D7),"") -> নাহিদা | S45: =IF($R45="","",$P45&" - "&$R45&" (Roll "&$Q45&")") -> দ্বিতীয় - নাহিদা (Roll 2)
P46: দ্বিতীয় | Q46: =IFERROR(IF(দ্বিতীয়!B8="","",দ্বিতীয়!B8),"") -> 3 | R46: =IFERROR(IF(দ্বিতীয়!D8="","",দ্বিতীয়!D8),"") -> ইয়াসিন | S46: =IF($R46="","",$P46&" - "&$R46&" (Roll "&$Q46&")") -> দ্বিতীয় - ইয়াসিন (Roll 3)
P47: দ্বিতীয় | Q47: =IFERROR(IF(দ্বিতীয়!B9="","",দ্বিতীয়!B9),"") -> 4 | R47: =IFERROR(IF(দ্বিতীয়!D9="","",দ্বিতীয়!D9),"") -> জুনাইরা | S47: =IF($R47="","",$P47&" - "&$R47&" (Roll "&$Q47&")") -> দ্বিতীয় - জুনাইরা (Roll 4)
P48: দ্বিতীয় | Q48: =IFERROR(IF(দ্বিতীয়!B10="","",দ্বিতীয়!B10),"") -> 5 | R48: =IFERROR(IF(দ্বিতীয়!D10="","",দ্বিতীয়!D10),"") -> রেমি | S48: =IF($R48="","",$P48&" - "&$R48&" (Roll "&$Q48&")") -> দ্বিতীয় - রেমি (Roll 5)
P49: দ্বিতীয় | Q49: =IFERROR(IF(দ্বিতীয়!B11="","",দ্বিতীয়!B11),"") -> 6 | R49: =IFERROR(IF(দ্বিতীয়!D11="","",দ্বিতীয়!D11),"") -> আব্দুর রহিম | S49: =IF($R49="","",$P49&" - "&$R49&" (Roll "&$Q49&")") -> দ্বিতীয় - আব্দুর রহিম (Roll 6)
P50: দ্বিতীয় | Q50: =IFERROR(IF(দ্বিতীয়!B12="","",দ্বিতীয়!B12),"") -> 7 | R50: =IFERROR(IF(দ্বিতীয়!D12="","",দ্বিতীয়!D12),"") -> মোস্তাকিম | S50: =IF($R50="","",$P50&" - "&$R50&" (Roll "&$Q50&")") -> দ্বিতীয় - মোস্তাকিম (Roll 7)
P51: দ্বিতীয় | Q51: =IFERROR(IF(দ্বিতীয়!B13="","",দ্বিতীয়!B13),"") -> 8 | R51: =IFERROR(IF(দ্বিতীয়!D13="","",দ্বিতীয়!D13),"") -> সাব্বির | S51: =IF($R51="","",$P51&" - "&$R51&" (Roll "&$Q51&")") -> দ্বিতীয় - সাব্বির (Roll 8)
P52: দ্বিতীয় | Q52: =IFERROR(IF(দ্বিতীয়!B14="","",দ্বিতীয়!B14),"") -> 9 | R52: =IFERROR(IF(দ্বিতীয়!D14="","",দ্বিতীয়!D14),"") -> আব্দুর রহমান | S52: =IF($R52="","",$P52&" - "&$R52&" (Roll "&$Q52&")") -> দ্বিতীয় - আব্দুর রহমান (Roll 9)
P53: দ্বিতীয় | Q53: =IFERROR(IF(দ্বিতীয়!B15="","",দ্বিতীয়!B15),"") -> 10 | R53: =IFERROR(IF(দ্বিতীয়!D15="","",দ্বিতীয়!D15),"") -> মোহনা | S53: =IF($R53="","",$P53&" - "&$R53&" (Roll "&$Q53&")") -> দ্বিতীয় - মোহনা (Roll 10)
P54: দ্বিতীয় | Q54: =IFERROR(IF(দ্বিতীয়!B16="","",দ্বিতীয়!B16),"") -> 11 | R54: =IFERROR(IF(দ্বিতীয়!D16="","",দ্বিতীয়!D16),"") -> লিজা মুনি | S54: =IF($R54="","",$P54&" - "&$R54&" (Roll "&$Q54&")") -> দ্বিতীয় - লিজা মুনি (Roll 11)
P55: দ্বিতীয় | Q55: =IFERROR(IF(দ্বিতীয়!B17="","",দ্বিতীয়!B17),"") -> 12 | R55: =IFERROR(IF(দ্বিতীয়!D17="","",দ্বিতীয়!D17),"") -> আয়েশা | S55: =IF($R55="","",$P55&" - "&$R55&" (Roll "&$Q55&")") -> দ্বিতীয় - আয়েশা (Roll 12)
... P83: দ্বিতীয় | Q83: =IFERROR(IF(দ্বিতীয়!B45="","",দ্বিতীয়!B45),"") -> 40 | R83: =IFERROR(IF(দ্বিতীয়!D45="","",দ্বিতীয়!D45),"") | S83: =IF($R83="","",$P83&" - "&$R83&" (Roll "&$Q83&")")
P84: তৃতীয় | Q84: =IFERROR(IF(তৃতীয়!B6="","",তৃতীয়!B6),"") -> 1 | R84: =IFERROR(IF(তৃতীয়!D6="","",তৃতীয়!D6),"") -> আছিয়া আক্তার | S84: =IF($R84="","",$P84&" - "&$R84&" (Roll "&$Q84&")") -> তৃতীয় - আছিয়া আক্তার (Roll 1)
P85: তৃতীয় | Q85: =IFERROR(IF(তৃতীয়!B7="","",তৃতীয়!B7),"") -> 2 | R85: =IFERROR(IF(তৃতীয়!D7="","",তৃতীয়!D7),"") -> মো: হোজাইফা | S85: =IF($R85="","",$P85&" - "&$R85&" (Roll "&$Q85&")") -> তৃতীয় - মো: হোজাইফা (Roll 2)
P86: তৃতীয় | Q86: =IFERROR(IF(তৃতীয়!B8="","",তৃতীয়!B8),"") -> 3 | R86: =IFERROR(IF(তৃতীয়!D8="","",তৃতীয়!D8),"") -> জান্নাতি আক্তার | S86: =IF($R86="","",$P86&" - "&$R86&" (Roll "&$Q86&")") -> তৃতীয় - জান্নাতি আক্তার (Roll 3)
P87: তৃতীয় | Q87: =IFERROR(IF(তৃতীয়!B9="","",তৃতীয়!B9),"") -> 4 | R87: =IFERROR(IF(তৃতীয়!D9="","",তৃতীয়!D9),"") -> মিশু আক্তার | S87: =IF($R87="","",$P87&" - "&$R87&" (Roll "&$Q87&")") -> তৃতীয় - মিশু আক্তার (Roll 4)
P88: তৃতীয় | Q88: =IFERROR(IF(তৃতীয়!B10="","",তৃতীয়!B10),"") -> 5 | R88: =IFERROR(IF(তৃতীয়!D10="","",তৃতীয়!D10),"") -> মোছা: মাছতুরা | S88: =IF($R88="","",$P88&" - "&$R88&" (Roll "&$Q88&")") -> তৃতীয় - মোছা: মাছতুরা (Roll 5)
P89: তৃতীয় | Q89: =IFERROR(IF(তৃতীয়!B11="","",তৃতীয়!B11),"") -> 6 | R89: =IFERROR(IF(তৃতীয়!D11="","",তৃতীয়!D11),"") | S89: =IF($R89="","",$P89&" - "&$R89&" (Roll "&$Q89&")")
P90: তৃতীয় | Q90: =IFERROR(IF(তৃতীয়!B12="","",তৃতীয়!B12),"") -> 7 | R90: =IFERROR(IF(তৃতীয়!D12="","",তৃতীয়!D12),"") -> লিমা আক্তার | S90: =IF($R90="","",$P90&" - "&$R90&" (Roll "&$Q90&")") -> তৃতীয় - লিমা আক্তার (Roll 7)
P91: তৃতীয় | Q91: =IFERROR(IF(তৃতীয়!B13="","",তৃতীয়!B13),"") -> 8 | R91: =IFERROR(IF(তৃতীয়!D13="","",তৃতীয়!D13),"") -> হালিমা তুস সাদিয়া | S91: =IF($R91="","",$P91&" - "&$R91&" (Roll "&$Q91&")") -> তৃতীয় - হালিমা তুস সাদিয়া (Roll 8)
P92: তৃতীয় | Q92: =IFERROR(IF(তৃতীয়!B14="","",তৃতীয়!B14),"") -> 9 | R92: =IFERROR(IF(তৃতীয়!D14="","",তৃতীয়!D14),"") -> ওয়াফ্ফুনাহার | S92: =IF($R92="","",$P92&" - "&$R92&" (Roll "&$Q92&")") -> তৃতীয় - ওয়াফ্ফুনাহার (Roll 9)
P93: তৃতীয় | Q93: =IFERROR(IF(তৃতীয়!B15="","",তৃতীয়!B15),"") -> 10 | R93: =IFERROR(IF(তৃতীয়!D15="","",তৃতীয়!D15),"") -> হিজবুল্লাহ | S93: =IF($R93="","",$P93&" - "&$R93&" (Roll "&$Q93&")") -> তৃতীয় - হিজবুল্লাহ (Roll 10)
P94: তৃতীয় | Q94: =IFERROR(IF(তৃতীয়!B16="","",তৃতীয়!B16),"") -> 11 | R94: =IFERROR(IF(তৃতীয়!D16="","",তৃতীয়!D16),"") -> আব্দুল্লাহ | S94: =IF($R94="","",$P94&" - "&$R94&" (Roll "&$Q94&")") -> তৃতীয় - আব্দুল্লাহ (Roll 11)
P95: তৃতীয় | Q95: =IFERROR(IF(তৃতীয়!B17="","",তৃতীয়!B17),"") -> 12 | R95: =IFERROR(IF(তৃতীয়!D17="","",তৃতীয়!D17),"") -> মেঘনা আক্তার | S95: =IF($R95="","",$P95&" - "&$R95&" (Roll "&$Q95&")") -> তৃতীয় - মেঘনা আক্তার (Roll 12)
... P123: তৃতীয় | Q123: =IFERROR(IF(তৃতীয়!B45="","",তৃতীয়!B45),"") -> 40 | R123: =IFERROR(IF(তৃতীয়!D45="","",তৃতীয়!D45),"") | S123: =IF($R123="","",$P123&" - "&$R123&" (Roll "&$Q123&")")
P124: চতুর্থ | Q124: =IFERROR(IF(চতুর্থ!B6="","",চতুর্থ!B6),"") -> 1 | R124: =IFERROR(IF(চতুর্থ!D6="","",চতুর্থ!D6),"") -> সুমাইয়া জাফরিন | S124: =IF($R124="","",$P124&" - "&$R124&" (Roll "&$Q124&")") -> চতুর্থ - সুমাইয়া জাফরিন (Roll 1)
P125: চতুর্থ | Q125: =IFERROR(IF(চতুর্থ!B7="","",চতুর্থ!B7),"") -> 2 | R125: =IFERROR(IF(চতুর্থ!D7="","",চতুর্থ!D7),"") -> জুই মুনি | S125: =IF($R125="","",$P125&" - "&$R125&" (Roll "&$Q125&")") -> চতুর্থ - জুই মুনি (Roll 2)
P126: চতুর্থ | Q126: =IFERROR(IF(চতুর্থ!B8="","",চতুর্থ!B8),"") -> 3 | R126: =IFERROR(IF(চতুর্থ!D8="","",চতুর্থ!D8),"") -> জান্নাতুন নাঈম | S126: =IF($R126="","",$P126&" - "&$R126&" (Roll "&$Q126&")") -> চতুর্থ - জান্নাতুন নাঈম (Roll 3)
P127: চতুর্থ | Q127: =IFERROR(IF(চতুর্থ!B9="","",চতুর্থ!B9),"") -> 4 | R127: =IFERROR(IF(চতুর্থ!D9="","",চতুর্থ!D9),"") -> বায়েজিদ | S127: =IF($R127="","",$P127&" - "&$R127&" (Roll "&$Q127&")") -> চতুর্থ - বায়েজিদ (Roll 4)
P128: চতুর্থ | Q128: =IFERROR(IF(চতুর্থ!B10="","",চতুর্থ!B10),"") -> 5 | R128: =IFERROR(IF(চতুর্থ!D10="","",চতুর্থ!D10),"") -> শাহাদাত | S128: =IF($R128="","",$P128&" - "&$R128&" (Roll "&$Q128&")") -> চতুর্থ - শাহাদাত (Roll 5)
P129: চতুর্থ | Q129: =IFERROR(IF(চতুর্থ!B11="","",চতুর্থ!B11),"") -> 6 | R129: =IFERROR(IF(চতুর্থ!D11="","",চতুর্থ!D11),"") -> জান্নাতি | S129: =IF($R129="","",$P129&" - "&$R129&" (Roll "&$Q129&")") -> চতুর্থ - জান্নাতি (Roll 6)
P130: চতুর্থ | Q130: =IFERROR(IF(চতুর্থ!B12="","",চতুর্থ!B12),"") -> 7 | R130: =IFERROR(IF(চতুর্থ!D12="","",চতুর্থ!D12),"") -> মো: মোহসিন | S130: =IF($R130="","",$P130&" - "&$R130&" (Roll "&$Q130&")") -> চতুর্থ - মো: মোহসিন (Roll 7)
P131: চতুর্থ | Q131: =IFERROR(IF(চতুর্থ!B13="","",চতুর্থ!B13),"") -> 8 | R131: =IFERROR(IF(চতুর্থ!D13="","",চতুর্থ!D13),"") -> তামীম | S131: =IF($R131="","",$P131&" - "&$R131&" (Roll "&$Q131&")") -> চতুর্থ - তামীম (Roll 8)
P132: চতুর্থ | Q132: =IFERROR(IF(চতুর্থ!B14="","",চতুর্থ!B14),"") -> 9 | R132: =IFERROR(IF(চতুর্থ!D14="","",চতুর্থ!D14),"") -> আদরী আক্তার | S132: =IF($R132="","",$P132&" - "&$R132&" (Roll "&$Q132&")") -> চতুর্থ - আদরী আক্তার (Roll 9)
P133: চতুর্থ | Q133: =IFERROR(IF(চতুর্থ!B15="","",চতুর্থ!B15),"") -> 10 | R133: =IFERROR(IF(চতুর্থ!D15="","",চতুর্থ!D15),"") -> মো: নাহিদ | S133: =IF($R133="","",$P133&" - "&$R133&" (Roll "&$Q133&")") -> চতুর্থ - মো: নাহিদ (Roll 10)
P134: চতুর্থ | Q134: =IFERROR(IF(চতুর্থ!B16="","",চতুর্থ!B16),"") -> 11 | R134: =IFERROR(IF(চতুর্থ!D16="","",চতুর্থ!D16),"") -> মোছা: হাফসা | S134: =IF($R134="","",$P134&" - "&$R134&" (Roll "&$Q134&")") -> চতুর্থ - মোছা: হাফসা (Roll 11)
P135: চতুর্থ | Q135: =IFERROR(IF(চতুর্থ!B17="","",চতুর্থ!B17),"") -> 12 | R135: =IFERROR(IF(চতুর্থ!D17="","",চতুর্থ!D17),"") -> তানিশা আক্তার | S135: =IF($R135="","",$P135&" - "&$R135&" (Roll "&$Q135&")") -> চতুর্থ - তানিশা আক্তার (Roll 12)
... P163: চতুর্থ | Q163: =IFERROR(IF(চতুর্থ!B45="","",চতুর্থ!B45),"") -> 40 | R163: =IFERROR(IF(চতুর্থ!D45="","",চতুর্থ!D45),"") | S163: =IF($R163="","",$P163&" - "&$R163&" (Roll "&$Q163&")")
P164: পঞ্চম | Q164: =IFERROR(IF(পঞ্চম!B6="","",পঞ্চম!B6),"") -> 1 | R164: =IFERROR(IF(পঞ্চম!D6="","",পঞ্চম!D6),"") -> সুমাইয়া | S164: =IF($R164="","",$P164&" - "&$R164&" (Roll "&$Q164&")") -> পঞ্চম - সুমাইয়া (Roll 1)
P165: পঞ্চম | Q165: =IFERROR(IF(পঞ্চম!B7="","",পঞ্চম!B7),"") -> 2 | R165: =IFERROR(IF(পঞ্চম!D7="","",পঞ্চম!D7),"") -> ফাহাদ | S165: =IF($R165="","",$P165&" - "&$R165&" (Roll "&$Q165&")") -> পঞ্চম - ফাহাদ (Roll 2)
P166: পঞ্চম | Q166: =IFERROR(IF(পঞ্চম!B8="","",পঞ্চম!B8),"") -> 3 | R166: =IFERROR(IF(পঞ্চম!D8="","",পঞ্চম!D8),"") -> জান্নাতুন | S166: =IF($R166="","",$P166&" - "&$R166&" (Roll "&$Q166&")") -> পঞ্চম - জান্নাতুন (Roll 3)
P167: পঞ্চম | Q167: =IFERROR(IF(পঞ্চম!B9="","",পঞ্চম!B9),"") -> 4 | R167: =IFERROR(IF(পঞ্চম!D9="","",পঞ্চম!D9),"") -> স্নিগ্ধা | S167: =IF($R167="","",$P167&" - "&$R167&" (Roll "&$Q167&")") -> পঞ্চম - স্নিগ্ধা (Roll 4)
P168: পঞ্চম | Q168: =IFERROR(IF(পঞ্চম!B10="","",পঞ্চম!B10),"") -> 5 | R168: =IFERROR(IF(পঞ্চম!D10="","",পঞ্চম!D10),"") -> জুবাইরিয়া | S168: =IF($R168="","",$P168&" - "&$R168&" (Roll "&$Q168&")") -> পঞ্চম - জুবাইরিয়া (Roll 5)
P169: পঞ্চম | Q169: =IFERROR(IF(পঞ্চম!B11="","",পঞ্চম!B11),"") -> 6 | R169: =IFERROR(IF(পঞ্চম!D11="","",পঞ্চম!D11),"") -> আবির | S169: =IF($R169="","",$P169&" - "&$R169&" (Roll "&$Q169&")") -> পঞ্চম - আবির (Roll 6)
P170: পঞ্চম | Q170: =IFERROR(IF(পঞ্চম!B12="","",পঞ্চম!B12),"") -> 7 | R170: =IFERROR(IF(পঞ্চম!D12="","",পঞ্চম!D12),"") -> তাহসিন | S170: =IF($R170="","",$P170&" - "&$R170&" (Roll "&$Q170&")") -> পঞ্চম - তাহসিন (Roll 7)
P171: পঞ্চম | Q171: =IFERROR(IF(পঞ্চম!B13="","",পঞ্চম!B13),"") -> 8 | R171: =IFERROR(IF(পঞ্চম!D13="","",পঞ্চম!D13),"") -> কুলসুম আক্তার | S171: =IF($R171="","",$P171&" - "&$R171&" (Roll "&$Q171&")") -> পঞ্চম - কুলসুম আক্তার (Roll 8)
P172: পঞ্চম | Q172: =IFERROR(IF(পঞ্চম!B14="","",পঞ্চম!B14),"") -> 9 | R172: =IFERROR(IF(পঞ্চম!D14="","",পঞ্চম!D14),"") -> শাহনাজ পারভীন | S172: =IF($R172="","",$P172&" - "&$R172&" (Roll "&$Q172&")") -> পঞ্চম - শাহনাজ পারভীন (Roll 9)
P173: পঞ্চম | Q173: =IFERROR(IF(পঞ্চম!B15="","",পঞ্চম!B15),"") -> 10 | R173: =IFERROR(IF(পঞ্চম!D15="","",পঞ্চম!D15),"") -> জান্নাতুন | S173: =IF($R173="","",$P173&" - "&$R173&" (Roll "&$Q173&")") -> পঞ্চম - জান্নাতুন (Roll 10)
P174: পঞ্চম | Q174: =IFERROR(IF(পঞ্চম!B16="","",পঞ্চম!B16),"") -> 11 | R174: =IFERROR(IF(পঞ্চম!D16="","",পঞ্চম!D16),"") -> রিভা আক্তার | S174: =IF($R174="","",$P174&" - "&$R174&" (Roll "&$Q174&")") -> পঞ্চম - রিভা আক্তার (Roll 11)
P175: পঞ্চম | Q175: =IFERROR(IF(পঞ্চম!B17="","",পঞ্চম!B17),"") -> 12 | R175: =IFERROR(IF(পঞ্চম!D17="","",পঞ্চম!D17),"") -> সুমাইয়া | S175: =IF($R175="","",$P175&" - "&$R175&" (Roll "&$Q175&")") -> পঞ্চম - সুমাইয়া (Roll 12)
... P203: পঞ্চম | Q203: =IFERROR(IF(পঞ্চম!B45="","",পঞ্চম!B45),"") -> 40 | R203: =IFERROR(IF(পঞ্চম!D45="","",পঞ্চম!D45),"") | S203: =IF($R203="","",$P203&" - "&$R203&" (Roll "&$Q203&")")

Sheet How to Use
A1: How to Use / ব্যবহার নির্দেশিকা
A2: Software-style workflow for school result processing
A4: Step | B4: Menu | C4: Instruction
A5: 01 | B5: Settings | C5: স্কুলের নাম, পরীক্ষার নাম, গ্রেডিং সিস্টেম, পাস মার্ক ও রিপোর্ট কার্ড অপশন সেট করুন।
A6: 02 | B6: Class Sheets | C6: প্রতিটি শ্রেণির শিটে শিক্ষার্থীর নাম/রোল আছে। নীল ঘরে নম্বর ও উপস্থিতি লিখুন।
A7: 03 | B7: Dashboard | C7: সব শ্রেণির মোট শিক্ষার্থী, পাস %, গড়, A+ সংখ্যা ও chart স্বয়ংক্রিয়ভাবে দেখুন।
A8: 04 | B8: Report Card Hub | C8: শ্রেণি ও রোল নির্বাচন করুন। সংশ্লিষ্ট Card শিটে রিপোর্ট কার্ড অটো তৈরি হবে।
A9: 05 | B9: Print | C9: Card শিটে গিয়ে A4 print/PDF export করুন। রিপোর্ট কার্ড print-area আগে থেকেই সেট করা।
A10: 06 | B10: Customization | C10: Settings শিটে grade scale পরিবর্তন করলে সব result card স্বয়ংক্রিয়ভাবে আপডেট হবে।
A13: Color Code / রঙের ব্যবহার
A14: Blue cells | B14: Editable inputs
A15: Black text/formula cells | B15: Auto-calculated output
A16: Green sections | B16: Dashboard / success
A17: Orange sections | B17: Important notes or review
A18: Purple sections | B18: Settings / controls

Sheet Settings
A1: Settings / সেটিংস
A2: Editable Control Panel: grading, full marks, branding, card options
A4: 1) School & Exam Information / বিদ্যালয় ও পরীক্ষা তথ্য
A5: School Name / বিদ্যালয়ের নাম | B5: বেজখন্ড সঃ প্রাঃ বিদ্যালয়
A6: Exam Name / পরীক্ষার নাম | B6: প্রথম প্রান্তিক মূল্যায়ন
A7: Academic Year / শিক্ষাবর্ষ | B7: ২০২৬
A8: Result Card Title | B8: Progress Report / ফলাফল কার্ড
A9: Head Teacher / প্রধান শিক্ষক | B9: √
A10: Class Teacher / শ্রেণি শিক্ষক | B10: ✓
A11: School Address / বিদ্যালয়ের ঠিকানা | B11: গ্রাম: বেজখন্ড, পোস্ট: মাত্রাই, উপজেলা: কালাই, জেলা: জয়পুরহাট।
A12: Publication Date / প্রকাশের তারিখ | B12: 46362
A13: Default Section / শাখা
A14: 2) Manual Grade Scale / গ্রেডিং সিস্টেম (Editable, ascending order for VLOOKUP)
A15: Minimum Percentage | B15: Grade | C15: GPA | D15: Status | E15: Remarks | F15: Boundary Note | G15: Editable
A16: 0 | B16: F | C16: 0 | D16: Fail | E16: উন্নতির জন্য বিশেষ যত্ন প্রয়োজন | F16: Ascending order required for VLOOKUP(TRUE) | G16: Yes
A17: 33 | B17: D | C17: 1 | D17: Pass | E17: আরও অনুশীলন প্রয়োজন | F17: Do not sort highest-to-lowest | G17: Yes
A18: 40 | B18: C | C18: 2 | D18: Pass | E18: সন্তোষজনক | F18: Yellow | G18: Yes
A19: 50 | B19: B | C19: 3 | D19: Pass | E19: ভালো | F19: Green | G19: Yes
A20: 60 | B20: A- | C20: 3.5 | D20: Pass | E20: খুব ভালো | F20: Blue | G20: Yes
A21: 70 | B21: A | C21: 4 | D21: Pass | E21: চমৎকার | F21: Purple | G21: Yes
A22: 80 | B22: A+ | C22: 5 | D22: Pass | E22: অসাধারণ | F22: Gold | G22: Yes
A24: Note: Grade table must stay sorted lowest-to-highest because GPA/Grade formulas use VLOOKUP(...,TRUE).
A25: 3) Subject Full Marks & Pass % / বিষয়ভিত্তিক পূর্ণমান ও পাস মার্ক
A26: Class | B26: বাংলা | C26: English | D26: গণিত | F26: প্রাথমিক বিজ্ঞান | G26: বাংলাদেশ ও বিশ্বপরিচয় | H26: ধর্ম | I26: ICT | J26: Arts & Culture | K26: Pass % | L26: Card Layout
A27: প্রথম | B27: 50 | C27: 50 | D27: 50 | K27: 33 | L27: Premium
A28: দ্বিতীয় | B28: 50 | C28: 50 | D28: 50 | K28: 33 | L28: Premium
A29: তৃতীয় | B29: 70 | C29: 70 | D29: 70 | F29: 70 | G29: 70 | H29: 70 | K29: 33 | L29: Premium
A30: চতুর্থ | B30: 70 | C30: 70 | D30: 70 | F30: 70 | G30: 70 | H30: 70 | K30: 33 | L30: Premium
A31: পঞ্চম | B31: 70 | C31: 70 | D31: 70 | F31: 70 | G31: 70 | H31: 70 | K31: 33 | L31: Premium
A33: নোট: প্রথম/দ্বিতীয় শ্রেণির ড্রইং-এর পূর্ণমান E কলামে; তৃতীয়/চতুর্থ/পঞ্চম শ্রেণির প্রাথমিক বিজ্ঞান F কলামে। Pass % K কলামে। ICT/Arts ব্যবহার করতে চাইলে I/J কলামে পূর্ণমান দিন।
A35: 4) Report Card Feature Toggles / রিপোর্ট কার্ড অপশন
A36: Show Guardian Name | B36: Yes
A37: Show Village | B37: Yes
A38: Show Attendance | B38: Yes
A39: Show Merit Position | B39: Yes
A40: Show GPA | B40: Yes
A41: Show Grade Badge | B41: Yes
A42: Show Signature Area | B42: Yes
A44: Protection Note | B44: Blue cells are editable. Formula/output and label cells are protected to reduce accidental deletion. To change grade rules, edit A16:G22 only.
A45: Marketplace Notes | B45: This workbook is built as a modifiable school result-card system: input marks, configure grade rules, print cards.
A47: 5) Result Policy / ফলাফল নীতি
A48: Policy | B48: Policy A: Any active compulsory subject failed = Final Result Fail
A49: Active subject rule | B49: A subject is active if its full mark in the class sheet row 4 is greater than 0.
A50: Optional/inactive rule | B50: Blank or zero full-mark subject columns are ignored in total/GPA; any mark entered there is flagged by QC.
A51: Incomplete rule | B51: If any active subject mark is blank/non-numeric, final result is Incomplete, not Passed.
A52: Fail rule | B52: If any active subject mark is below full mark × Pass %, final result is Fail; final Grade F and GPA 0.
A53: Input guide: Blue cells are editable inputs. Gray cells are formulas/protected. Keep full marks blank or 0 to disable an optional subject.

Sheet Template Info
A1: Template Info / Product Sheet
A2: Marketplace-ready workbook overview
A4: Product Name | B4: Premium School Result Card System
A5: School Branding | B5: বেজখন্ড সঃ প্রাঃ বিদ্যালয়
A6: Exam | B6: প্রথম প্রান্তিক মূল্যায়ন - ২০২৬
A7: Included Classes | B7: Class 1 to Class 5
A8: Core Features | B8: Dashboard, Settings, Grade Builder, Result Sheets, Report Card Hub, Printable Cards
A9: Customization | B9: Editable grade scale, pass %, subject full marks, report card toggles
A10: Printing | B10: A4 print areas set for each Card sheet
A11: Compatibility | B11: Microsoft Excel / Google Sheets

Sheet প্রথম
A1: =IFERROR(Settings!$B$5,"") -> বেজখন্ড সঃ প্রাঃ বিদ্যালয়
A2: =IFERROR(Settings!$B$6&" | শ্রেণি: প্রথম ","") -> প্রথম প্রান্তিক মূল্যায়ন | শ্রেণি: প্রথম
A4: পূর্ণমান | G4: =IFERROR(IF(Settings!$B$27>0,Settings!$B$27,""),"") -> 50 | H4: =IFERROR(IF(Settings!$C$27>0,Settings!$C$27,""),"") -> 50 | I4: =IFERROR(IF(Settings!$D$27>0,Settings!$D$27,""),"") -> 50 | J4: =IFERROR(IF(Settings!$E$27>0,Settings!$E$27,""),"")
A5: # | B5: রোল | C5: মেধা | D5: শিক্ষার্থীর নাম | E5: অভিভাবক | F5: গ্রাম | G5: =IFERROR(IF(Settings!$B$27>0,Settings!$B$26,""),"") -> বাংলা | H5: =IFERROR(IF(Settings!$C$27>0,Settings!$C$26,""),"") -> English | I5: =IFERROR(IF(Settings!$D$27>0,Settings!$D$26,""),"") -> গণিত | J5: =IFERROR(IF(Settings!$E$27>0,Settings!$E$26,""),"") | O5: মোট | P5: গড় % | Q5: GPA | R5: গ্রেড | S5: ফলাফল | T5: উপস্থিতি % | U5: Auto Remark | V5: QC Flag
A6: 1 | B6: 1 | C6: =IFERROR(IF(OR($D6="",NOT(ISNUMBER($P6)),$S6<>"Passed"),"",COUNTIFS($P$6:$P$45,">"&$P6,$S$6:$S$45,"Passed")+1),"") -> 2 | D6: মেঘনা | E6: মাজেদা | F6: হিমাইল | G6: 50 | H6: 49 | I6: 49 | O6: =IFERROR(IF(COUNT($G6:$N6)=0,"",SUMIF($G$4:$N$4,">0",$G6:$N6)),"") -> 148 | P6: =IFERROR(IF($O6="","",IF(SUMIF($G$4:$N$4,">0",$G$4:$N$4)<=0,"",ROUND($O6/SUMIF($G$4:$N$4,">0",$G$4:$N$4)*100,2))),"") -> 98.67 | Q6: =IFERROR(IF($P6="","",IF($S6="Fail",0,IF($S6="Passed",VLOOKUP($P6,Settings!$A$16:$C$22,3,TRUE()),""))),"") -> 5 | R6: =IFERROR(IF($P6="","",IF($S6="Fail","F",IF($S6="Passed",VLOOKUP($P6,Settings!$A$16:$B$22,2,TRUE()),""))),"") -> A+ | S6: =IFERROR(IF(COUNT($G6:$N6)=0,"",IF(OR(SUMIF($G$4:$N$4,">0",$G$4:$N$4)<=0,Settings!$K$27<=0),"Setup Required",IF(SUMPRODUCT(--($G$4:$N$4>0),--ISNUMBER($G6:$N6))<COUNTIF($G$4:$N$4,">0"),"Incomplete",IF(SUMPRODUCT(--($G$4:$N$4>0),--ISNUMBER($G6:$N6),--IFERROR($G6:$N6<$G$4:$N$4*Settings!$K$27/100,FALSE()))>0,"Fail","Passed")))),"Input Error") -> Passed | T6: 96 | U6: =IFERROR(IF($D6="","",IF($S6="","",IF($S6="Incomplete","Marks incomplete",IF($S6="Setup Required","Check Settings",IF($S6="Fail","উন্নতির জন্য বিশেষ যত্ন প্রয়োজন",VLOOKUP($P6,Settings!$A$16:$E$22,5,TRUE())))))),"") -> অসাধারণ | V6: =IFERROR(IF($D6="","",IF(COUNT($G6:$N6)=0,"No marks",IF(SUMPRODUCT(--($G$4:$N$4<=0),--ISNUMBER($G6:$N6))>0,"Extra subject mark",IF(SUMPRODUCT(--($G$4:$N$4>0),--ISNUMBER($G6:$N6))<COUNTIF($G$4:$N$4,">0"),"Missing marks",IF(SUMPRODUCT(--($G$4:$N$4>0),--ISNUMBER($G6:$N6),--IFERROR($G6:$N6>$G$4:$N$4,FALSE()))>0,"Mark exceeds full mark",IF($S6="Setup Required","Settings issue","OK")))))),"Input error") -> OK
A7: 1 | B7: 2 | C7: =IFERROR(IF(OR($D7="",NOT(ISNUMBER($P7)),$S7<>"Passed"),"",COUNTIFS($P$6:$P$45,">"&$P7,$S$6:$S$45,"Passed")+1),"") -> 13 | D7: রওজা | E7: আনেছা | G7: 48 | H7: 36 | I7: 40 | O7: =IFERROR(IF(COUNT($G7:$N7)=0,"",SUMIF($G$4:$N$4,">0",$G7:$N7)),"") -> 124 | P7: =IFERROR(IF($O7="","",IF(SUMIF($G$4:$N$4,">0",$G$4:$N$4)<=0,"",ROUND($O7/SUMIF($G$4:$N$4,">0",$G$4:$N$4)*100,2))),"") -> 82.67 | Q7: =IFERROR(IF($P7="","",IF($S7="Fail",0,IF($S7="Passed",VLOOKUP($P7,Settings!$A$16:$C$22,3,TRUE()),""))),"") -> 5 | R7: =IFERROR(IF($P7="","",IF($S7="Fail","F",IF($S7="Passed",VLOOKUP($P7,Settings!$A$16:$B$22,2,TRUE()),""))),"") -> A+ | S7: =IFERROR(IF(COUNT($G7:$N7)=0,"",IF(OR(SUMIF($G$4:$N$4,">0",$G$4:$N$4)<=0,Settings!$K$27<=0),"Setup Required",IF(SUMPRODUCT(--($G$4:$N$4>0),--ISNUMBER($G7:$N7))<COUNTIF($G$4:$N$4,">0"),"Incomplete",IF(SUMPRODUCT(--($G$4:$N$4>0),--ISNUMBER($G7:$N7),--IFERROR($G7:$N7<$G$4:$N$4*Settings!$K$27/100,FALSE()))>0,"Fail","Passed")))),"Input Error") -> Passed | T7: 95 | U7: =IFERROR(IF($D7="","",IF($S7="","",IF($S7="Incomplete","Marks incomplete",IF($S7="Setup Required","Check Settings",IF($S7="Fail","উন্নতির জন্য বিশেষ যত্ন প্রয়োজন",VLOOKUP($P7,Settings!$A$16:$E$22,5,TRUE())))))),"") -> অসাধারণ | V7: =IFERROR(IF($D7="","",IF(COUNT($G7:$N7)=0,"No marks",IF(SUMPRODUCT(--($G$4:$N$4<=0),--ISNUMBER($G7:$N7))>0,"Extra subject mark",IF(SUMPRODUCT(--($G$4:$N$4>0),--ISNUMBER($G7:$N7))<COUNTIF($G$4:$N$4,">0"),"Missing marks",IF(SUMPRODUCT(--($G$4:$N$4>0),--ISNUMBER($G7:$N7),--IFERROR($G7:$N7>$G$4:$N$4,FALSE()))>0,"Mark exceeds full mark",IF($S7="Setup Required","Settings issue","OK")))))),"Input error") -> OK
A8: 1 | B8: 3 | C8: =IFERROR(IF(OR($D8="",NOT(ISNUMBER($P8)),$S8<>"Passed"),"",COUNTIFS($P$6:$P$45,">"&$P8,$S$6:$S$45,"Passed")+1),"") -> 1 | D8: রামিশা | G8: 50 | H8: 49 | I8: 50 | O8: =IFERROR(IF(COUNT($G8:$N8)=0,"",SUMIF($G$4:$N$4,">0",$G8:$N8)),"") -> 149 | P8: =IFERROR(IF($O8="","",IF(SUMIF($G$4:$N$4,">0",$G$4:$N$4)<=0,"",ROUND($O8/SUMIF($G$4:$N$4,">0",$G$4:$N$4)*100,2))),"") -> 99.33 | Q8: =IFERROR(IF($P8="","",IF($S8="Fail",0,IF($S8="Passed",VLOOKUP($P8,Settings!$A$16:$C$22,3,TRUE()),""))),"") -> 5 | R8: =IFERROR(IF($P8="","",IF($S8="Fail","F",IF($S8="Passed",VLOOKUP($P8,Settings!$A$16:$B$22,2,TRUE()),""))),"") -> A+ | S8: =IFERROR(IF(COUNT($G8:$N8)=0,"",IF(OR(SUMIF($G$4:$N$4,">0",$G$4:$N$4)<=0,Settings!$K$27<=0),"Setup Required",IF(SUMPRODUCT(--($G$4:$N$4>0),--ISNUMBER($G8:$N8))<COUNTIF($G$4:$N$4,">0"),"Incomplete",IF(SUMPRODUCT(--($G$4:$N$4>0),--ISNUMBER($G8:$N8),--IFERROR($G8:$N8<$G$4:$N$4*Settings!$K$27/100,FALSE()))>0,"Fail","Passed")))),"Input Error") -> Passed | T8: 98 | U8: =IFERROR(IF($D8="","",IF($S8="","",IF($S8="Incomplete","Marks incomplete",IF($S8="Setup Required","Check Settings",IF($S8="Fail","উন্নতির জন্য বিশেষ যত্ন প্রয়োজন",VLOOKUP($P8,Settings!$A$16:$E$22,5,TRUE())))))),"") -> অসাধারণ | V8: =IFERROR(IF($D8="","",IF(COUNT($G8:$N8)=0,"No marks",IF(SUMPRODUCT(--($G$4:$N$4<=0),--ISNUMBER($G8:$N8))>0,"Extra subject mark",IF(SUMPRODUCT(--($G$4:$N$4>0),--ISNUMBER($G8:$N8))<COUNTIF($G$4:$N$4,">0"),"Missing marks",IF(SUMPRODUCT(--($G$4:$N$4>0),--ISNUMBER($G8:$N8),--IFERROR($G8:$N8>$G$4:$N$4,FALSE()))>0,"Mark exceeds full mark",IF($S8="Setup Required","Settings issue","OK")))))),"Input error") -> OK
A9: 1 | B9: 4 | C9: =IFERROR(IF(OR($D9="",NOT(ISNUMBER($P9)),$S9<>"Passed"),"",COUNTIFS($P$6:$P$45,">"&$P9,$S$6:$S$45,"Passed")+1),"") -> 3 | D9: ইবতিহাজ | E9: কুলছুম | G9: 49 | H9: 49 | I9: 49 | O9: =IFERROR(IF(COUNT($G9:$N9)=0,"",SUMIF($G$4:$N$4,">0",$G9:$N9)),"") -> 147 | P9: =IFERROR(IF($O9="","",IF(SUMIF($G$4:$N$4,">0",$G$4:$N$4)<=0,"",ROUND($O9/SUMIF($G$4:$N$4,">0",$G$4:$N$4)*100,2))),"") -> 98 | Q9: =IFERROR(IF($P9="","",IF($S9="Fail",0,IF($S9="Passed",VLOOKUP($P9,Settings!$A$16:$C$22,3,TRUE()),""))),"") -> 5 | R9: =IFERROR(IF($P9="","",IF($S9="Fail","F",IF($S9="Passed",VLOOKUP($P9,Settings!$A$16:$B$22,2,TRUE()),""))),"") -> A+ | S9: =IFERROR(IF(COUNT($G9:$N9)=0,"",IF(OR(SUMIF($G$4:$N$4,">0",$G$4:$N$4)<=0,Settings!$K$27<=0),"Setup Required",IF(SUMPRODUCT(--($G$4:$N$4>0),--ISNUMBER($G9:$N9))<COUNTIF($G$4:$N$4,">0"),"Incomplete",IF(SUMPRODUCT(--($G$4:$N$4>0),--ISNUMBER($G9:$N9),--IFERROR($G9:$N9<$G$4:$N$4*Settings!$K$27/100,FALSE()))>0,"Fail","Passed")))),"Input Error") -> Passed | T9: 98 | U9: =IFERROR(IF($D9="","",IF($S9="","",IF($S9="Incomplete","Marks incomplete",IF($S9="Setup Required","Check Settings",IF($S9="Fail","উন্নতির জন্য বিশেষ যত্ন প্রয়োজন",VLOOKUP($P9,Settings!$A$16:$E$22,5,TRUE())))))),"") -> অসাধারণ | V9: =IFERROR(IF($D9="","",IF(COUNT($G9:$N9)=0,"No marks",IF(SUMPRODUCT(--($G$4:$N$4<=0),--ISNUMBER($G9:$N9))>0,"Extra subject mark",IF(SUMPRODUCT(--($G$4:$N$4>0),--ISNUMBER($G9:$N9))<COUNTIF($G$4:$N$4,">0"),"Missing marks",IF(SUMPRODUCT(--($G$4:$N$4>0),--ISNUMBER($G9:$N9),--IFERROR($G9:$N9>$G$4:$N$4,FALSE()))>0,"Mark exceeds full mark",IF($S9="Setup Required","Settings issue","OK")))))),"Input error") -> OK
A10: 1 | B10: 5 | C10: =IFERROR(IF(OR($D10="",NOT(ISNUMBER($P10)),$S10<>"Passed"),"",COUNTIFS($P$6:$P$45,">"&$P10,$S$6:$S$45,"Passed")+1),"") | D10: ফাহিম আব্দুল্লাহ | E10: মরিয়ম | G10: 20 | H10: 40 | I10: 0 | O10: =IFERROR(IF(COUNT($G10:$N10)=0,"",SUMIF($G$4:$N$4,">0",$G10:$N10)),"") -> 60 | P10: =IFERROR(IF($O10="","",IF(SUMIF($G$4:$N$4,">0",$G$4:$N$4)<=0,"",ROUND($O10/SUMIF($G$4:$N$4,">0",$G$4:$N$4)*100,2))),"") -> 40 | Q10: =IFERROR(IF($P10="","",IF($S10="Fail",0,IF($S10="Passed",VLOOKUP($P10,Settings!$A$16:$C$22,3,TRUE()),""))),"") -> 0 | R10: =IFERROR(IF($P10="","",IF($S10="Fail","F",IF($S10="Passed",VLOOKUP($P10,Settings!$A$16:$B$22,2,TRUE()),""))),"") -> F | S10: =IFERROR(IF(COUNT($G10:$N10)=0,"",IF(OR(SUMIF($G$4:$N$4,">0",$G$4:$N$4)<=0,Settings!$K$27<=0),"Setup Required",IF(SUMPRODUCT(--($G$4:$N$4>0),--ISNUMBER($G10:$N10))<COUNTIF($G$4:$N$4,">0"),"Incomplete",IF(SUMPRODUCT(--($G$4:$N$4>0),--ISNUMBER($G10:$N10),--IFERROR($G10:$N10<$G$4:$N$4*Settings!$K$27/100,FALSE()))>0,"Fail","Passed")))),"Input Error") -> Fail | T10: 90 | U10: =IFERROR(IF($D10="","",IF($S10="","",IF($S10="Incomplete","Marks incomplete",IF($S10="Setup Required","Check Settings",IF($S10="Fail","উন্নতির জন্য বিশেষ যত্ন প্রয়োজন",VLOOKUP($P10,Settings!$A$16:$E$22,5,TRUE())))))),"") -> উন্নতির জন্য বিশেষ যত্ন প্রয়োজন | V10: =IFERROR(IF($D10="","",IF(COUNT($G10:$N10)=0,"No marks",IF(SUMPRODUCT(--($G$4:$N$4<=0),--ISNUMBER($G10:$N10))>0,"Extra subject mark",IF(SUMPRODUCT(--($G$4:$N$4>0),--ISNUMBER($G10:$N10))<COUNTIF($G$4:$N$4,">0"),"Missing marks",IF(SUMPRODUCT(--($G$4:$N$4>0),--ISNUMBER($G10:$N10),--IFERROR($G10:$N10>$G$4:$N$4,FALSE()))>0,"Mark exceeds full mark",IF($S10="Setup Required","Settings issue","OK")))))),"Input error") -> OK
A11: 1 | B11: 6 | C11: =IFERROR(IF(OR($D11="",NOT(ISNUMBER($P11)),$S11<>"Passed"),"",COUNTIFS($P$6:$P$45,">"&$P11,$S$6:$S$45,"Passed")+1),"") -> 11 | D11: রেজুওয়ান | G11: 42 | H11: 43 | I11: 42 | O11: =IFERROR(IF(COUNT($G11:$N11)=0,"",SUMIF($G$4:$N$4,">0",$G11:$N11)),"") -> 127 | P11: =IFERROR(IF($O11="","",IF(SUMIF($G$4:$N$4,">0",$G$4:$N$4)<=0,"",ROUND($O11/SUMIF($G$4:$N$4,">0",$G$4:$N$4)*100,2))),"") -> 84.67 | Q11: =IFERROR(IF($P11="","",IF($S11="Fail",0,IF($S11="Passed",VLOOKUP($P11,Settings!$A$16:$C$22,3,TRUE()),""))),"") -> 5 | R11: =IFERROR(IF($P11="","",IF($S11="Fail","F",IF($S11="Passed",VLOOKUP($P11,Settings!$A$16:$B$22,2,TRUE()),""))),"") -> A+ | S11: =IFERROR(IF(COUNT($G11:$N11)=0,"",IF(OR(SUMIF($G$4:$N$4,">0",$G$4:$N$4)<=0,Settings!$K$27<=0),"Setup Required",IF(SUMPRODUCT(--($G$4:$N$4>0),--ISNUMBER($G11:$N11))<COUNTIF($G$4:$N$4,">0"),"Incomplete",IF(SUMPRODUCT(--($G$4:$N$4>0),--ISNUMBER($G11:$N11),--IFERROR($G11:$N11<$G$4:$N$4*Settings!$K$27/100,FALSE()))>0,"Fail","Passed")))),"Input Error") -> Passed | T11: 88 | U11: =IFERROR(IF($D11="","",IF($S11="","",IF($S11="Incomplete","Marks incomplete",IF($S11="Setup Required","Check Settings",IF($S11="Fail","উন্নতির জন্য বিশেষ যত্ন প্রয়োজন",VLOOKUP($P11,Settings!$A$16:$E$22,5,TRUE())))))),"") -> অসাধারণ | V11: =IFERROR(IF($D11="","",IF(COUNT($G11:$N11)=0,"No marks",IF(SUMPRODUCT(--($G$4:$N$4<=0),--ISNUMBER($G11:$N11))>0,"Extra subject mark",IF(SUMPRODUCT(--($G$4:$N$4>0),--ISNUMBER($G11:$N11))<COUNTIF($G$4:$N$4,">0"),"Missing marks",IF(SUMPRODUCT(--($G$4:$N$4>0),--ISNUMBER($G11:$N11),--IFERROR($G11:$N11>$G$4:$N$4,FALSE()))>0,"Mark exceeds full mark",IF($S11="Setup Required","Settings issue","OK")))))),"Input error") -> OK
A12: 1 | B12: 7 | C12: =IFERROR(IF(OR($D12="",NOT(ISNUMBER($P12)),$S12<>"Passed"),"",COUNTIFS($P$6:$P$45,">"&$P12,$S$6:$S$45,"Passed")+1),"") -> 24 | D12: ফাতেমা | G12: 50 | H12: 22 | I12: 18 | O12: =IFERROR(IF(COUNT($G12:$N12)=0,"",SUMIF($G$4:$N$4,">0",$G12:$N12)),"") -> 90 | P12: =IFERROR(IF($O12="","",IF(SUMIF($G$4:$N$4,">0",$G$4:$N$4)<=0,"",ROUND($O12/SUMIF($G$4:$N$4,">0",$G$4:$N$4)*100,2))),"") -> 60 | Q12: =IFERROR(IF($P12="","",IF($S12="Fail",0,IF($S12="Passed",VLOOKUP($P12,Settings!$A$16:$C$22,3,TRUE()),""))),"") -> 3.5 | R12: =IFERROR(IF($P12="","",IF($S12="Fail","F",IF($S12="Passed",VLOOKUP($P12,Settings!$A$16:$B$22,2,TRUE()),""))),"") -> A- | S12: =IFERROR(IF(COUNT($G12:$N12)=0,"",IF(OR(SUMIF($G$4:$N$4,">0",$G$4:$N$4)<=0,Settings!$K$27<=0),"Setup Required",IF(SUMPRODUCT(--($G$4:$N$4>0),--ISNUMBER($G12:$N12))<COUNTIF($G$4:$N$4,">0"),"Incomplete",IF(SUMPRODUCT(--($G$4:$N$4>0),--ISNUMBER($G12:$N12),--IFERROR($G12:$N12<$G$4:$N$4*Settings!$K$27/100,FALSE()))>0,"Fail","Passed")))),"Input Error") -> Passed | T12: 89 | U12: =IFERROR(IF($D12="","",IF($S12="","",IF($S12="Incomplete","Marks incomplete",IF($S12="Setup Required","Check Settings",IF($S12="Fail","উন্নতির জন্য বিশেষ যত্ন প্রয়োজন",VLOOKUP($P12,Settings!$A$16:$E$22,5,TRUE())))))),"") -> খুব ভালো | V12: =IFERROR(IF($D12="","",IF(COUNT($G12:$N12)=0,"No marks",IF(SUMPRODUCT(--($G$4:$N$4<=0),--ISNUMBER($G12:$N12))>0,"Extra subject mark",IF(SUMPRODUCT(--($G$4:$N$4>0),--ISNUMBER($G12:$N12))<COUNTIF($G$4:$N$4,">0"),"Missing marks",IF(SUMPRODUCT(--($G$4:$N$4>0),--ISNUMBER($G12:$N12),--IFERROR($G12:$N12>$G$4:$N$4,FALSE()))>0,"Mark exceeds full mark",IF($S12="Setup Required","Settings issue","OK")))))),"Input error") -> OK
A13: 1 | B13: 8 | C13: =IFERROR(IF(OR($D13="",NOT(ISNUMBER($P13)),$S13<>"Passed"),"",COUNTIFS($P$6:$P$45,">"&$P13,$S$6:$S$45,"Passed")+1),"") -> 18 | D13: এশা মুনি | E13: তানজিলা | G13: 40 | H13: 30 | I13: 42 | O13: =IFERROR(IF(COUNT($G13:$N13)=0,"",SUMIF($G$4:$N$4,">0",$G13:$N13)),"") -> 112 | P13: =IFERROR(IF($O13="","",IF(SUMIF($G$4:$N$4,">0",$G$4:$N$4)<=0,"",ROUND($O13/SUMIF($G$4:$N$4,">0",$G$4:$N$4)*100,2))),"") -> 74.67 | Q13: =IFERROR(IF($P13="","",IF($S13="Fail",0,IF($S13="Passed",VLOOKUP($P13,Settings!$A$16:$C$22,3,TRUE()),""))),"") -> 4 | R13: =IFERROR(IF($P13="","",IF($S13="Fail","F",IF($S13="Passed",VLOOKUP($P13,Settings!$A$16:$B$22,2,TRUE()),""))),"") -> A | S13: =IFERROR(IF(COUNT($G13:$N13)=0,"",IF(OR(SUMIF($G$4:$N$4,">0",$G$4:$N$4)<=0,Settings!$K$27<=0),"Setup Required",IF(SUMPRODUCT(--($G$4:$N$4>0),--ISNUMBER($G13:$N13))<COUNTIF($G$4:$N$4,">0"),"Incomplete",IF(SUMPRODUCT(--($G$4:$N$4>0),--ISNUMBER($G13:$N13),--IFERROR($G13:$N13<$G$4:$N$4*Settings!$K$27/100,FALSE()))>0,"Fail","Passed")))),"Input Error") -> Passed | T13: 95 | U13: =IFERROR(IF($D13="","",IF($S13="","",IF($S13="Incomplete","Marks incomplete",IF($S13="Setup Required","Check Settings",IF($S13="Fail","উন্নতির জন্য বিশেষ যত্ন প্রয়োজন",VLOOKUP($P13,Settings!$A$16:$E$22,5,TRUE())))))),"") -> চমৎকার | V13: =IFERROR(IF($D13="","",IF(COUNT($G13:$N13)=0,"No marks",IF(SUMPRODUCT(--($G$4:$N$4<=0),--ISNUMBER($G13:$N13))>0,"Extra subject mark",IF(SUMPRODUCT(--($G$4:$N$4>0),--ISNUMBER($G13:$N13))<COUNTIF($G$4:$N$4,">0"),"Missing marks",IF(SUMPRODUCT(--($G$4:$N$4>0),--ISNUMBER($G13:$N13),--IFERROR($G13:$N13>$G$4:$N$4,FALSE()))>0,"Mark exceeds full mark",IF($S13="Setup Required","Settings issue","OK")))))),"Input error") -> OK
A14: 1 | B14: 9 | C14: =IFERROR(IF(OR($D14="",NOT(ISNUMBER($P14)),$S14<>"Passed"),"",COUNTIFS($P$6:$P$45,">"&$P14,$S$6:$S$45,"Passed")+1),"") -> 6 | D14: তাবাসসুম | E14: আনেছা | G14: 48 | H14: 50 | I14: 42 | O14: =IFERROR(IF(COUNT($G14:$N14)=0,"",SUMIF($G$4:$N$4,">0",$G14:$N14)),"") -> 140 | P14: =IFERROR(IF($O14="","",IF(SUMIF($G$4:$N$4,">0",$G$4:$N$4)<=0,"",ROUND($O14/SUMIF($G$4:$N$4,">0",$G$4:$N$4)*100,2))),"") -> 93.33 | Q14: =IFERROR(IF($P14="","",IF($S14="Fail",0,IF($S14="Passed",VLOOKUP($P14,Settings!$A$16:$C$22,3,TRUE()),""))),"") -> 5 | R14: =IFERROR(IF($P14="","",IF($S14="Fail","F",IF($S14="Passed",VLOOKUP($P14,Settings!$A$16:$B$22,2,TRUE()),""))),"") -> A+ | S14: =IFERROR(IF(COUNT($G14:$N14)=0,"",IF(OR(SUMIF($G$4:$N$4,">0",$G$4:$N$4)<=0,Settings!$K$27<=0),"Setup Required",IF(SUMPRODUCT(--($G$4:$N$4>0),--ISNUMBER($G14:$N14))<COUNTIF($G$4:$N$4,">0"),"Incomplete",IF(SUMPRODUCT(--($G$4:$N$4>0),--ISNUMBER($G14:$N14),--IFERROR($G14:$N14<$G$4:$N$4*Settings!$K$27/100,FALSE()))>0,"Fail","Passed")))),"Input Error") -> Passed | T14: 88 | U14: =IFERROR(IF($D14="","",IF($S14="","",IF($S14="Incomplete","Marks incomplete",IF($S14="Setup Required","Check Settings",IF($S14="Fail","উন্নতির জন্য বিশেষ যত্ন প্রয়োজন",VLOOKUP($P14,Settings!$A$16:$E$22,5,TRUE())))))),"") -> অসাধারণ | V14: =IFERROR(IF($D14="","",IF(COUNT($G14:$N14)=0,"No marks",IF(SUMPRODUCT(--($G$4:$N$4<=0),--ISNUMBER($G14:$N14))>0,"Extra subject mark",IF(SUMPRODUCT(--($G$4:$N$4>0),--ISNUMBER($G14:$N14))<COUNTIF($G$4:$N$4,">0"),"Missing marks",IF(SUMPRODUCT(--($G$4:$N$4>0),--ISNUMBER($G14:$N14),--IFERROR($G14:$N14>$G$4:$N$4,FALSE()))>0,"Mark exceeds full mark",IF($S14="Setup Required","Settings issue","OK")))))),"Input error") -> OK
A15: 1 | B15: 10 | C15: =IFERROR(IF(OR($D15="",NOT(ISNUMBER($P15)),$S15<>"Passed"),"",COUNTIFS($P$6:$P$45,">"&$P15,$S$6:$S$45,"Passed")+1),"") -> 17 | D15: তানভীর | G15: 38 | H15: 38 | I15: 38 | O15: =IFERROR(IF(COUNT($G15:$N15)=0,"",SUMIF($G$4:$N$4,">0",$G15:$N15)),"") -> 114 | P15: =IFERROR(IF($O15="","",IF(SUMIF($G$4:$N$4,">0",$G$4:$N$4)<=0,"",ROUND($O15/SUMIF($G$4:$N$4,">0",$G$4:$N$4)*100,2))),"") -> 76 | Q15: =IFERROR(IF($P15="","",IF($S15="Fail",0,IF($S15="Passed",VLOOKUP($P15,Settings!$A$16:$C$22,3,TRUE()),""))),"") -> 4 | R15: =IFERROR(IF($P15="","",IF($S15="Fail","F",IF($S15="Passed",VLOOKUP($P15,Settings!$A$16:$B$22,2,TRUE()),""))),"") -> A | S15: =IFERROR(IF(COUNT($G15:$N15)=0,"",IF(OR(SUMIF($G$4:$N$4,">0",$G$4:$N$4)<=0,Settings!$K$27<=0),"Setup Required",IF(SUMPRODUCT(--($G$4:$N$4>0),--ISNUMBER($G15:$N15))<COUNTIF($G$4:$N$4,">0"),"Incomplete",IF(SUMPRODUCT(--($G$4:$N$4>0),--ISNUMBER($G15:$N15),--IFERROR($G15:$N15<$G$4:$N$4*Settings!$K$27/100,FALSE()))>0,"Fail","Passed")))),"Input Error") -> Passed | T15: 86 | U15: =IFERROR(IF($D15="","",IF($S15="","",IF($S15="Incomplete","Marks incomplete",IF($S15="Setup Required","Check Settings",IF($S15="Fail","উন্নতির জন্য বিশেষ যত্ন প্রয়োজন",VLOOKUP($P15,Settings!$A$16:$E$22,5,TRUE())))))),"") -> চমৎকার | V15: =IFERROR(IF($D15="","",IF(COUNT($G15:$N15)=0,"No marks",IF(SUMPRODUCT(--($G$4:$N$4<=0),--ISNUMBER($G15:$N15))>0,"Extra subject mark",IF(SUMPRODUCT(--($G$4:$N$4>0),--ISNUMBER($G15:$N15))<COUNTIF($G$4:$N$4,">0"),"Missing marks",IF(SUMPRODUCT(--($G$4:$N$4>0),--ISNUMBER($G15:$N15),--IFERROR($G15:$N15>$G$4:$N$4,FALSE()))>0,"Mark exceeds full mark",IF($S15="Setup Required","Settings issue","OK")))))),"Input error") -> OK
A16: 1 | B16: 11 | C16: =IFERROR(IF(OR($D16="",NOT(ISNUMBER($P16)),$S16<>"Passed"),"",COUNTIFS($P$6:$P$45,">"&$P16,$S$6:$S$45,"Passed")+1),"") -> 11 | D16: জুনায়েদ | G16: 49 | H16: 32 | I16: 46 | O16: =IFERROR(IF(COUNT($G16:$N16)=0,"",SUMIF($G$4:$N$4,">0",$G16:$N16)),"") -> 127 | P16: =IFERROR(IF($O16="","",IF(SUMIF($G$4:$N$4,">0",$G$4:$N$4)<=0,"",ROUND($O16/SUMIF($G$4:$N$4,">0",$G$4:$N$4)*100,2))),"") -> 84.67 | Q16: =IFERROR(IF($P16="","",IF($S16="Fail",0,IF($S16="Passed",VLOOKUP($P16,Settings!$A$16:$C$22,3,TRUE()),""))),"") -> 5 | R16: =IFERROR(IF($P16="","",IF($S16="Fail","F",IF($S16="Passed",VLOOKUP($P16,Settings!$A$16:$B$22,2,TRUE()),""))),"") -> A+ | S16: =IFERROR(IF(COUNT($G16:$N16)=0,"",IF(OR(SUMIF($G$4:$N$4,">0",$G$4:$N$4)<=0,Settings!$K$27<=0),"Setup Required",IF(SUMPRODUCT(--($G$4:$N$4>0),--ISNUMBER($G16:$N16))<COUNTIF($G$4:$N$4,">0"),"Incomplete",IF(SUMPRODUCT(--($G$4:$N$4>0),--ISNUMBER($G16:$N16),--IFERROR($G16:$N16<$G$4:$N$4*Settings!$K$27/100,FALSE()))>0,"Fail","Passed")))),"Input Error") -> Passed | T16: 80 | U16: =IFERROR(IF($D16="","",IF($S16="","",IF($S16="Incomplete","Marks incomplete",IF($S16="Setup Required","Check Settings",IF($S16="Fail","উন্নতির জন্য বিশেষ যত্ন প্রয়োজন",VLOOKUP($P16,Settings!$A$16:$E$22,5,TRUE())))))),"") -> অসাধারণ | V16: =IFERROR(IF($D16="","",IF(COUNT($G16:$N16)=0,"No marks",IF(SUMPRODUCT(--($G$4:$N$4<=0),--ISNUMBER($G16:$N16))>0,"Extra subject mark",IF(SUMPRODUCT(--($G$4:$N$4>0),--ISNUMBER($G16:$N16))<COUNTIF($G$4:$N$4,">0"),"Missing marks",IF(SUMPRODUCT(--($G$4:$N$4>0),--ISNUMBER($G16:$N16),--IFERROR($G16:$N16>$G$4:$N$4,FALSE()))>0,"Mark exceeds full mark",IF($S16="Setup Required","Settings issue","OK")))))),"Input error") -> OK
A17: 1 | B17: 12 | C17: =IFERROR(IF(OR($D17="",NOT(ISNUMBER($P17)),$S17<>"Passed"),"",COUNTIFS($P$6:$P$45,">"&$P17,$S$6:$S$45,"Passed")+1),"") -> 5 | D17: আব্দুল্লাহ মুরাদ | G17: 50 | H17: 46 | I17: 45 | O17: =IFERROR(IF(COUNT($G17:$N17)=0,"",SUMIF($G$4:$N$4,">0",$G17:$N17)),"") -> 141 | P17: =IFERROR(IF($O17="","",IF(SUMIF($G$4:$N$4,">0",$G$4:$N$4)<=0,"",ROUND($O17/SUMIF($G$4:$N$4,">0",$G$4:$N$4)*100,2))),"") -> 94 | Q17: =IFERROR(IF($P17="","",IF($S17="Fail",0,IF($S17="Passed",VLOOKUP($P17,Settings!$A$16:$C$22,3,TRUE()),""))),"") -> 5 | R17: =IFERROR(IF($P17="","",IF($S17="Fail","F",IF($S17="Passed",VLOOKUP($P17,Settings!$A$16:$B$22,2,TRUE()),""))),"") -> A+ | S17: =IFERROR(IF(COUNT($G17:$N17)=0,"",IF(OR(SUMIF($G$4:$N$4,">0",$G$4:$N$4)<=0,Settings!$K$27<=0),"Setup Required",IF(SUMPRODUCT(--($G$4:$N$4>0),--ISNUMBER($G17:$N17))<COUNTIF($G$4:$N$4,">0"),"Incomplete",IF(SUMPRODUCT(--($G$4:$N$4>0),--ISNUMBER($G17:$N17),--IFERROR($G17:$N17<$G$4:$N$4*Settings!$K$27/100,FALSE()))>0,"Fail","Passed")))),"Input Error") -> Passed | T17: 89 | U17: =IFERROR(IF($D17="","",IF($S17="","",IF($S17="Incomplete","Marks incomplete",IF($S17="Setup Required","Check Settings",IF($S17="Fail","উন্নতির জন্য বিশেষ যত্ন প্রয়োজন",VLOOKUP($P17,Settings!$A$16:$E$22,5,TRUE())))))),"") -> অসাধারণ | V17: =IFERROR(IF($D17="","",IF(COUNT($G17:$N17)=0,"No marks",IF(SUMPRODUCT(--($G$4:$N$4<=0),--ISNUMBER($G17:$N17))>0,"Extra subject mark",IF(SUMPRODUCT(--($G$4:$N$4>0),--ISNUMBER($G17:$N17))<COUNTIF($G$4:$N$4,">0"),"Missing marks",IF(SUMPRODUCT(--($G$4:$N$4>0),--ISNUMBER($G17:$N17),--IFERROR($G17:$N17>$G$4:$N$4,FALSE()))>0,"Mark exceeds full mark",IF($S17="Setup Required","Settings issue","OK")))))),"Input error") -> OK
A18: 1 | B18: 13 | C18: =IFERROR(IF(OR($D18="",NOT(ISNUMBER($P18)),$S18<>"Passed"),"",COUNTIFS($P$6:$P$45,">"&$P18,$S$6:$S$45,"Passed")+1),"") -> 9 | D18: আয়মান | G18: 42 | H18: 50 | I18: 40 | O18: =IFERROR(IF(COUNT($G18:$N18)=0,"",SUMIF($G$4:$N$4,">0",$G18:$N18)),"") -> 132 | P18: =IFERROR(IF($O18="","",IF(SUMIF($G$4:$N$4,">0",$G$4:$N$4)<=0,"",ROUND($O18/SUMIF($G$4:$N$4,">0",$G$4:$N$4)*100,2))),"") -> 88 | Q18: =IFERROR(IF($P18="","",IF($S18="Fail",0,IF($S18="Passed",VLOOKUP($P18,Settings!$A$16:$C$22,3,TRUE()),""))),"") -> 5 | R18: =IFERROR(IF($P18="","",IF($S18="Fail","F",IF($S18="Passed",VLOOKUP($P18,Settings!$A$16:$B$22,2,TRUE()),""))),"") -> A+ | S18: =IFERROR(IF(COUNT($G18:$N18)=0,"",IF(OR(SUMIF($G$4:$N$4,">0",$G$4:$N$4)<=0,Settings!$K$27<=0),"Setup Required",IF(SUMPRODUCT(--($G$4:$N$4>0),--ISNUMBER($G18:$N18))<COUNTIF($G$4:$N$4,">0"),"Incomplete",IF(SUMPRODUCT(--($G$4:$N$4>0),--ISNUMBER($G18:$N18),--IFERROR($G18:$N18<$G$4:$N$4*Settings!$K$27/100,FALSE()))>0,"Fail","Passed")))),"Input Error") -> Passed | T18: 92 | U18: =IFERROR(IF($D18="","",IF($S18="","",IF($S18="Incomplete","Marks incomplete",IF($S18="Setup Required","Check Settings",IF($S18="Fail","উন্নতির জন্য বিশেষ যত্ন প্রয়োজন",VLOOKUP($P18,Settings!$A$16:$E$22,5,TRUE())))))),"") -> অসাধারণ | V18: =IFERROR(IF($D18="","",IF(COUNT($G18:$N18)=0,"No marks",IF(SUMPRODUCT(--($G$4:$N$4<=0),--ISNUMBER($G18:$N18))>0,"Extra subject mark",IF(SUMPRODUCT(--($G$4:$N$4>0),--ISNUMBER($G18:$N18))<COUNTIF($G$4:$N$4,">0"),"Missing marks",IF(SUMPRODUCT(--($G$4:$N$4>0),--ISNUMBER($G18:$N18),--IFERROR($G18:$N18>$G$4:$N$4,FALSE()))>0,"Mark exceeds full mark",IF($S18="Setup Required","Settings issue","OK")))))),"Input error") -> OK
A19: 1 | B19: 14 | C19: =IFERROR(IF(OR($D19="",NOT(ISNUMBER($P19)),$S19<>"Passed"),"",COUNTIFS($P$6:$P$45,">"&$P19,$S$6:$S$45,"Passed")+1),"") -> 4 | D19: আল হাবিব | G19: 50 | H19: 49 | I19: 43 | O19: =IFERROR(IF(COUNT($G19:$N19)=0,"",SUMIF($G$4:$N$4,">0",$G19:$N19)),"") -> 142 | P19: =IFERROR(IF($O19="","",IF(SUMIF($G$4:$N$4,">0",$G$4:$N$4)<=0,"",ROUND($O19/SUMIF($G$4:$N$4,">0",$G$4:$N$4)*100,2))),"") -> 94.67 | Q19: =IFERROR(IF($P19="","",IF($S19="Fail",0,IF($S19="Passed",VLOOKUP($P19,Settings!$A$16:$C$22,3,TRUE()),""))),"") -> 5 | R19: =IFERROR(IF($P19="","",IF($S19="Fail","F",IF($S19="Passed",VLOOKUP($P19,Settings!$A$16:$B$22,2,TRUE()),""))),"") -> A+ | S19: =IFERROR(IF(COUNT($G19:$N19)=0,"",IF(OR(SUMIF($G$4:$N$4,">0",$G$4:$N$4)<=0,Settings!$K$27<=0),"Setup Required",IF(SUMPRODUCT(--($G$4:$N$4>0),--ISNUMBER($G19:$N19))<COUNTIF($G$4:$N$4,">0"),"Incomplete",IF(SUMPRODUCT(--($G$4:$N$4>0),--ISNUMBER($G19:$N19),--IFERROR($G19:$N19<$G$4:$N$4*Settings!$K$27/100,FALSE()))>0,"Fail","Passed")))),"Input Error") -> Passed | T19: 94 | U19: =IFERROR(IF($D19="","",IF($S19="","",IF($S19="Incomplete","Marks incomplete",IF($S19="Setup Required","Check Settings",IF($S19="Fail","উন্নতির জন্য বিশেষ যত্ন প্রয়োজন",VLOOKUP($P19,Settings!$A$16:$E$22,5,TRUE())))))),"") -> অসাধারণ | V19: =IFERROR(IF($D19="","",IF(COUNT($G19:$N19)=0,"No marks",IF(SUMPRODUCT(--($G$4:$N$4<=0),--ISNUMBER($G19:$N19))>0,"Extra subject mark",IF(SUMPRODUCT(--($G$4:$N$4>0),--ISNUMBER($G19:$N19))<COUNTIF($G$4:$N$4,">0"),"Missing marks",IF(SUMPRODUCT(--($G$4:$N$4>0),--ISNUMBER($G19:$N19),--IFERROR($G19:$N19>$G$4:$N$4,FALSE()))>0,"Mark exceeds full mark",IF($S19="Setup Required","Settings issue","OK")))))),"Input error") -> OK
A20: 1 | B20: 15 | C20: =IFERROR(IF(OR($D20="",NOT(ISNUMBER($P20)),$S20<>"Passed"),"",COUNTIFS($P$6:$P$45,">"&$P20,$S$6:$S$45,"Passed")+1),"") -> 20 | D20: আলিফ | E20: মোরশেদা | G20: 38 | H20: 34 | I20: 38 | O20: =IFERROR(IF(COUNT($G20:$N20)=0,"",SUMIF($G$4:$N$4,">0",$G20:$N20)),"") -> 110 | P20: =IFERROR(IF($O20="","",IF(SUMIF($G$4:$N$4,">0",$G$4:$N$4)<=0,"",ROUND($O20/SUMIF($G$4:$N$4,">0",$G$4:$N$4)*100,2))),"") -> 73.33 | Q20: =IFERROR(IF($P20="","",IF($S20="Fail",0,IF($S20="Passed",VLOOKUP($P20,Settings!$A$16:$C$22,3,TRUE()),""))),"") -> 4 | R20: =IFERROR(IF($P20="","",IF($S20="Fail","F",IF($S20="Passed",VLOOKUP($P20,Settings!$A$16:$B$22,2,TRUE()),""))),"") -> A | S20: =IFERROR(IF(COUNT($G20:$N20)=0,"",IF(OR(SUMIF($G$4:$N$4,">0",$G$4:$N$4)<=0,Settings!$K$27<=0),"Setup Required",IF(SUMPRODUCT(--($G$4:$N$4>0),--ISNUMBER($G20:$N20))<COUNTIF($G$4:$N$4,">0"),"Incomplete",IF(SUMPRODUCT(--($G$4:$N$4>0),--ISNUMBER($G20:$N20),--IFERROR($G20:$N20<$G$4:$N$4*Settings!$K$27/100,FALSE()))>0,"Fail","Passed")))),"Input Error") -> Passed | T20: 79 | U20: =IFERROR(IF($D20="","",IF($S20="","",IF($S20="Incomplete","Marks incomplete",IF($S20="Setup Required","Check Settings",IF($S20="Fail","উন্নতির জন্য বিশেষ যত্ন প্রয়োজন",VLOOKUP($P20,Settings!$A$16:$E$22,5,TRUE())))))),"") -> চমৎকার | V20: =IFERROR(IF($D20="","",IF(COUNT($G20:$N20)=0,"No marks",IF(SUMPRODUCT(--($G$4:$N$4<=0),--ISNUMBER($G20:$N20))>0,"Extra subject mark",IF(SUMPRODUCT(--($G$4:$N$4>0),--ISNUMBER($G20:$N20))<COUNTIF($G$4:$N$4,">0"),"Missing marks",IF(SUMPRODUCT(--($G$4:$N$4>0),--ISNUMBER($G20:$N20),--IFERROR($G20:$N20>$G$4:$N$4,FALSE()))>0,"Mark exceeds full mark",IF($S20="Setup Required","Settings issue","OK")))))),"Input error") -> OK
A21: 1 | B21: 16 | C21: =IFERROR(IF(OR($D21="",NOT(ISNUMBER($P21)),$S21<>"Passed"),"",COUNTIFS($P$6:$P$45,">"&$P21,$S$6:$S$45,"Passed")+1),"") -> 13 | D21: মাসুদ রানা | E21: মুনিরা | G21: 42 | H21: 46 | I21: 36 | O21: =IFERROR(IF(COUNT($G21:$N21)=0,"",SUMIF($G$4:$N$4,">0",$G21:$N21)),"") -> 124 | P21: =IFERROR(IF($O21="","",IF(SUMIF($G$4:$N$4,">0",$G$4:$N$4)<=0,"",ROUND($O21/SUMIF($G$4:$N$4,">0",$G$4:$N$4)*100,2))),"") -> 82.67 | Q21: =IFERROR(IF($P21="","",IF($S21="Fail",0,IF($S21="Passed",VLOOKUP($P21,Settings!$A$16:$C$22,3,TRUE()),""))),"") -> 5 | R21: =IFERROR(IF($P21="","",IF($S21="Fail","F",IF($S21="Passed",VLOOKUP($P21,Settings!$A$16:$B$22,2,TRUE()),""))),"") -> A+ | S21: =IFERROR(IF(COUNT($G21:$N21)=0,"",IF(OR(SUMIF($G$4:$N$4,">0",$G$4:$N$4)<=0,Settings!$K$27<=0),"Setup Required",IF(SUMPRODUCT(--($G$4:$N$4>0),--ISNUMBER($G21:$N21))<COUNTIF($G$4:$N$4,">0"),"Incomplete",IF(SUMPRODUCT(--($G$4:$N$4>0),--ISNUMBER($G21:$N21),--IFERROR($G21:$N21<$G$4:$N$4*Settings!$K$27/100,FALSE()))>0,"Fail","Passed")))),"Input Error") -> Passed | T21: 91 | U21: =IFERROR(IF($D21="","",IF($S21="","",IF($S21="Incomplete","Marks incomplete",IF($S21="Setup Required","Check Settings",IF($S21="Fail","উন্নতির জন্য বিশেষ যত্ন প্রয়োজন",VLOOKUP($P21,Settings!$A$16:$E$22,5,TRUE())))))),"") -> অসাধারণ | V21: =IFERROR(IF($D21="","",IF(COUNT($G21:$N21)=0,"No marks",IF(SUMPRODUCT(--($G$4:$N$4<=0),--ISNUMBER($G21:$N21))>0,"Extra subject mark",IF(SUMPRODUCT(--($G$4:$N$4>0),--ISNUMBER($G21:$N21))<COUNTIF($G$4:$N$4,">0"),"Missing marks",IF(SUMPRODUCT(--($G$4:$N$4>0),--ISNUMBER($G21:$N21),--IFERROR($G21:$N21>$G$4:$N$4,FALSE()))>0,"Mark exceeds full mark",IF($S21="Setup Required","Settings issue","OK")))))),"Input error") -> OK
A22: 1 | B22: 17 | C22: =IFERROR(IF(OR($D22="",NOT(ISNUMBER($P22)),$S22<>"Passed"),"",COUNTIFS($P$6:$P$45,">"&$P22,$S$6:$S$45,"Passed")+1),"") -> 16 | D22: শারমিন | E22: সাজেদা | G22: 36 | H22: 37 | I22: 47 | O22: =IFERROR(IF(COUNT($G22:$N22)=0,"",SUMIF($G$4:$N$4,">0",$G22:$N22)),"") -> 120 | P22: =IFERROR(IF($O22="","",IF(SUMIF($G$4:$N$4,">0",$G$4:$N$4)<=0,"",ROUND($O22/SUMIF($G$4:$N$4,">0",$G$4:$N$4)*100,2))),"") -> 80 | Q22: =IFERROR(IF($P22="","",IF($S22="Fail",0,IF($S22="Passed",VLOOKUP($P22,Settings!$A$16:$C$22,3,TRUE()),""))),"") -> 5 | R22: =IFERROR(IF($P22="","",IF($S22="Fail","F",IF($S22="Passed",VLOOKUP($P22,Settings!$A$16:$B$22,2,TRUE()),""))),"") -> A+ | S22: =IFERROR(IF(COUNT($G22:$N22)=0,"",IF(OR(SUMIF($G$4:$N$4,">0",$G$4:$N$4)<=0,Settings!$K$27<=0),"Setup Required",IF(SUMPRODUCT(--($G$4:$N$4>0),--ISNUMBER($G22:$N22))<COUNTIF($G$4:$N$4,">0"),"Incomplete",IF(SUMPRODUCT(--($G$4:$N$4>0),--ISNUMBER($G22:$N22),--IFERROR($G22:$N22<$G$4:$N$4*Settings!$K$27/100,FALSE()))>0,"Fail","Passed")))),"Input Error") -> Passed | T22: 93 | U22: =IFERROR(IF($D22="","",IF($S22="","",IF($S22="Incomplete","Marks incomplete",IF($S22="Setup Required","Check Settings",IF($S22="Fail","উন্নতির জন্য বিশেষ যত্ন প্রয়োজন",VLOOKUP($P22,Settings!$A$16:$E$22,5,TRUE())))))),"") -> অসাধারণ | V22: =IFERROR(IF($D22="","",IF(COUNT($G22:$N22)=0,"No marks",IF(SUMPRODUCT(--($G$4:$N$4<=0),--ISNUMBER($G22:$N22))>0,"Extra subject mark",IF(SUMPRODUCT(--($G$4:$N$4>0),--ISNUMBER($G22:$N22))<COUNTIF($G$4:$N$4,">0"),"Missing marks",IF(SUMPRODUCT(--($G$4:$N$4>0),--ISNUMBER($G22:$N22),--IFERROR($G22:$N22>$G$4:$N$4,FALSE()))>0,"Mark exceeds full mark",IF($S22="Setup Required","Settings issue","OK")))))),"Input error") -> OK
A23: 1 | B23: 18 | C23: =IFERROR(IF(OR($D23="",NOT(ISNUMBER($P23)),$S23<>"Passed"),"",COUNTIFS($P$6:$P$45,">"&$P23,$S$6:$S$45,"Passed")+1),"") | D23: রিয়া | O23: =IFERROR(IF(COUNT($G23:$N23)=0,"",SUMIF($G$4:$N$4,">0",$G23:$N23)),"") | P23: =IFERROR(IF($O23="","",IF(SUMIF($G$4:$N$4,">0",$G$4:$N$4)<=0,"",ROUND($O23/SUMIF($G$4:$N$4,">0",$G$4:$N$4)*100,2))),"") | Q23: =IFERROR(IF($P23="","",IF($S23="Fail",0,IF($S23="Passed",VLOOKUP($P23,Settings!$A$16:$C$22,3,TRUE()),""))),"") | R23: =IFERROR(IF($P23="","",IF($S23="Fail","F",IF($S23="Passed",VLOOKUP($P23,Settings!$A$16:$B$22,2,TRUE()),""))),"") | S23: =IFERROR(IF(COUNT($G23:$N23)=0,"",IF(OR(SUMIF($G$4:$N$4,">0",$G$4:$N$4)<=0,Settings!$K$27<=0),"Setup Required",IF(SUMPRODUCT(--($G$4:$N$4>0),--ISNUMBER($G23:$N23))<COUNTIF($G$4:$N$4,">0"),"Incomplete",IF(SUMPRODUCT(--($G$4:$N$4>0),--ISNUMBER($G23:$N23),--IFERROR($G23:$N23<$G$4:$N$4*Settings!$K$27/100,FALSE()))>0,"Fail","Passed")))),"Input Error") | U23: =IFERROR(IF($D23="","",IF($S23="","",IF($S23="Incomplete","Marks incomplete",IF($S23="Setup Required","Check Settings",IF($S23="Fail","উন্নতির জন্য বিশেষ যত্ন প্রয়োজন",VLOOKUP($P23,Settings!$A$16:$E$22,5,TRUE())))))),"") | V23: =IFERROR(IF($D23="","",IF(COUNT($G23:$N23)=0,"No marks",IF(SUMPRODUCT(--($G$4:$N$4<=0),--ISNUMBER($G23:$N23))>0,"Extra subject mark",IF(SUMPRODUCT(--($G$4:$N$4>0),--ISNUMBER($G23:$N23))<COUNTIF($G$4:$N$4,">0"),"Missing marks",IF(SUMPRODUCT(--($G$4:$N$4>0),--ISNUMBER($G23:$N23),--IFERROR($G23:$N23>$G$4:$N$4,FALSE()))>0,"Mark exceeds full mark",IF($S23="Setup Required","Settings issue","OK")))))),"Input error") -> No marks
A24: 1 | B24: 19 | C24: =IFERROR(IF(OR($D24="",NOT(ISNUMBER($P24)),$S24<>"Passed"),"",COUNTIFS($P$6:$P$45,">"&$P24,$S$6:$S$45,"Passed")+1),"") -> 7 | D24: তাসফিয়া | E24: মরিয়ম | G24: 50 | H24: 47 | I24: 40 | O24: =IFERROR(IF(COUNT($G24:$N24)=0,"",SUMIF($G$4:$N$4,">0",$G24:$N24)),"") -> 137 | P24: =IFERROR(IF($O24="","",IF(SUMIF($G$4:$N$4,">0",$G$4:$N$4)<=0,"",ROUND($O24/SUMIF($G$4:$N$4,">0",$G$4:$N$4)*100,2))),"") -> 91.33 | Q24: =IFERROR(IF($P24="","",IF($S24="Fail",0,IF($S24="Passed",VLOOKUP($P24,Settings!$A$16:$C$22,3,TRUE()),""))),"") -> 5 | R24: =IFERROR(IF($P24="","",IF($S24="Fail","F",IF($S24="Passed",VLOOKUP($P24,Settings!$A$16:$B$22,2,TRUE()),""))),"") -> A+ | S24: =IFERROR(IF(COUNT($G24:$N24)=0,"",IF(OR(SUMIF($G$4:$N$4,">0",$G$4:$N$4)<=0,Settings!$K$27<=0),"Setup Required",IF(SUMPRODUCT(--($G$4:$N$4>0),--ISNUMBER($G24:$N24))<COUNTIF($G$4:$N$4,">0"),"Incomplete",IF(SUMPRODUCT(--($G$4:$N$4>0),--ISNUMBER($G24:$N24),--IFERROR($G24:$N24<$G$4:$N$4*Settings!$K$27/100,FALSE()))>0,"Fail","Passed")))),"Input Error") -> Passed | T24: 91 | U24: =IFERROR(IF($D24="","",IF($S24="","",IF($S24="Incomplete","Marks incomplete",IF($S24="Setup Required","Check Settings",IF($S24="Fail","উন্নতির জন্য বিশেষ যত্ন প্রয়োজন",VLOOKUP($P24,Settings!$A$16:$E$22,5,TRUE())))))),"") -> অসাধারণ | V24: =IFERROR(IF($D24="","",IF(COUNT($G24:$N24)=0,"No marks",IF(SUMPRODUCT(--($G$4:$N$4<=0),--ISNUMBER($G24:$N24))>0,"Extra subject mark",IF(SUMPRODUCT(--($G$4:$N$4>0),--ISNUMBER($G24:$N24))<COUNTIF($G$4:$N$4,">0"),"Missing marks",IF(SUMPRODUCT(--($G$4:$N$4>0),--ISNUMBER($G24:$N24),--IFERROR($G24:$N24>$G$4:$N$4,FALSE()))>0,"Mark exceeds full mark",IF($S24="Setup Required","Settings issue","OK")))))),"Input error") -> OK
A25: 1 | B25: 20 | C25: =IFERROR(IF(OR($D25="",NOT(ISNUMBER($P25)),$S25<>"Passed"),"",COUNTIFS($P$6:$P$45,">"&$P25,$S$6:$S$45,"Passed")+1),"") -> 27 | D25: মরিয়ম | E25: রুবী | G25: 42 | H25: 18 | I25: 24 | O25: =IFERROR(IF(COUNT($G25:$N25)=0,"",SUMIF($G$4:$N$4,">0",$G25:$N25)),"") -> 84 | P25: =IFERROR(IF($O25="","",IF(SUMIF($G$4:$N$4,">0",$G$4:$N$4)<=0,"",ROUND($O25/SUMIF($G$4:$N$4,">0",$G$4:$N$4)*100,2))),"") -> 56 | Q25: =IFERROR(IF($P25="","",IF($S25="Fail",0,IF($S25="Passed",VLOOKUP($P25,Settings!$A$16:$C$22,3,TRUE()),""))),"") -> 3 | R25: =IFERROR(IF($P25="","",IF($S25="Fail","F",IF($S25="Passed",VLOOKUP($P25,Settings!$A$16:$B$22,2,TRUE()),""))),"") -> B | S25: =IFERROR(IF(COUNT($G25:$N25)=0,"",IF(OR(SUMIF($G$4:$N$4,">0",$G$4:$N$4)<=0,Settings!$K$27<=0),"Setup Required",IF(SUMPRODUCT(--($G$4:$N$4>0),--ISNUMBER($G25:$N25))<COUNTIF($G$4:$N$4,">0"),"Incomplete",IF(SUMPRODUCT(--($G$4:$N$4>0),--ISNUMBER($G25:$N25),--IFERROR($G25:$N25<$G$4:$N$4*Settings!$K$27/100,FALSE()))>0,"Fail","Passed")))),"Input Error") -> Passed | T25: 90 | U25: =IFERROR(IF($D25="","",IF($S25="","",IF($S25="Incomplete","Marks incomplete",IF($S25="Setup Required","Check Settings",IF($S25="Fail","উন্নতির জন্য বিশেষ যত্ন প্রয়োজন",VLOOKUP($P25,Settings!$A$16:$E$22,5,TRUE())))))),"") -> ভালো | V25: =IFERROR(IF($D25="","",IF(COUNT($G25:$N25)=0,"No marks",IF(SUMPRODUCT(--($G$4:$N$4<=0),--ISNUMBER($G25:$N25))>0,"Extra subject mark",IF(SUMPRODUCT(--($G$4:$N$4>0),--ISNUMBER($G25:$N25))<COUNTIF($G$4:$N$4,">0"),"Missing marks",IF(SUMPRODUCT(--($G$4:$N$4>0),--ISNUMBER($G25:$N25),--IFERROR($G25:$N25>$G$4:$N$4,FALSE()))>0,"Mark exceeds full mark",IF($S25="Setup Required","Settings issue","OK")))))),"Input error") -> OK
A26: 1 | B26: 21 | C26: =IFERROR(IF(OR($D26="",NOT(ISNUMBER($P26)),$S26<>"Passed"),"",COUNTIFS($P$6:$P$45,">"&$P26,$S$6:$S$45,"Passed")+1),"") -> 22 | D26: নবিউল্লাহ | G26: 36 | H26: 42 | I26: 24 | O26: =IFERROR(IF(COUNT($G26:$N26)=0,"",SUMIF($G$4:$N$4,">0",$G26:$N26)),"") -> 102 | P26: =IFERROR(IF($O26="","",IF(SUMIF($G$4:$N$4,">0",$G$4:$N$4)<=0,"",ROUND($O26/SUMIF($G$4:$N$4,">0",$G$4:$N$4)*100,2))),"") -> 68 | Q26: =IFERROR(IF($P26="","",IF($S26="Fail",0,IF($S26="Passed",VLOOKUP($P26,Settings!$A$16:$C$22,3,TRUE()),""))),"") -> 3.5 | R26: =IFERROR(IF($P26="","",IF($S26="Fail","F",IF($S26="Passed",VLOOKUP($P26,Settings!$A$16:$B$22,2,TRUE()),""))),"") -> A- | S26: =IFERROR(IF(COUNT($G26:$N26)=0,"",IF(OR(SUMIF($G$4:$N$4,">0",$G$4:$N$4)<=0,Settings!$K$27<=0),"Setup Required",IF(SUMPRODUCT(--($G$4:$N$4>0),--ISNUMBER($G26:$N26))<COUNTIF($G$4:$N$4,">0"),"Incomplete",IF(SUMPRODUCT(--($G$4:$N$4>0),--ISNUMBER($G26:$N26),--IFERROR($G26:$N26<$G$4:$N$4*Settings!$K$27/100,FALSE()))>0,"Fail","Passed")))),"Input Error") -> Passed | T26: 89 | U26: =IFERROR(IF($D26="","",IF($S26="","",IF($S26="Incomplete","Marks incomplete",IF($S26="Setup Required","Check Settings",IF($S26="Fail","উন্নতির জন্য বিশেষ যত্ন প্রয়োজন",VLOOKUP($P26,Settings!$A$16:$E$22,5,TRUE())))))),"") -> খুব ভালো | V26: =IFERROR(IF($D26="","",IF(COUNT($G26:$N26)=0,"No marks",IF(SUMPRODUCT(--($G$4:$N$4<=0),--ISNUMBER($G26:$N26))>0,"Extra subject mark",IF(SUMPRODUCT(--($G$4:$N$4>0),--ISNUMBER($G26:$N26))<COUNTIF($G$4:$N$4,">0"),"Missing marks",IF(SUMPRODUCT(--($G$4:$N$4>0),--ISNUMBER($G26:$N26),--IFERROR($G26:$N26>$G$4:$N$4,FALSE()))>0,"Mark exceeds full mark",IF($S26="Setup Required","Settings issue","OK")))))),"Input error") -> OK
A27: 1 | B27: 22 | C27: =IFERROR(IF(OR($D27="",NOT(ISNUMBER($P27)),$S27<>"Passed"),"",COUNTIFS($P$6:$P$45,">"&$P27,$S$6:$S$45,"Passed")+1),"") -> 8 | D27: জুনায়েদ ২ | G27: 50 | H27: 50 | I27: 35 | O27: =IFERROR(IF(COUNT($G27:$N27)=0,"",SUMIF($G$4:$N$4,">0",$G27:$N27)),"") -> 135 | P27: =IFERROR(IF($O27="","",IF(SUMIF($G$4:$N$4,">0",$G$4:$N$4)<=0,"",ROUND($O27/SUMIF($G$4:$N$4,">0",$G$4:$N$4)*100,2))),"") -> 90 | Q27: =IFERROR(IF($P27="","",IF($S27="Fail",0,IF($S27="Passed",VLOOKUP($P27,Settings!$A$16:$C$22,3,TRUE()),""))),"") -> 5 | R27: =IFERROR(IF($P27="","",IF($S27="Fail","F",IF($S27="Passed",VLOOKUP($P27,Settings!$A$16:$B$22,2,TRUE()),""))),"") -> A+ | S27: =IFERROR(IF(COUNT($G27:$N27)=0,"",IF(OR(SUMIF($G$4:$N$4,">0",$G$4:$N$4)<=0,Settings!$K$27<=0),"Setup Required",IF(SUMPRODUCT(--($G$4:$N$4>0),--ISNUMBER($G27:$N27))<COUNTIF($G$4:$N$4,">0"),"Incomplete",IF(SUMPRODUCT(--($G$4:$N$4>0),--ISNUMBER($G27:$N27),--IFERROR($G27:$N27<$G$4:$N$4*Settings!$K$27/100,FALSE()))>0,"Fail","Passed")))),"Input Error") -> Passed | T27: 84 | U27: =IFERROR(IF($D27="","",IF($S27="","",IF($S27="Incomplete","Marks incomplete",IF($S27="Setup Required","Check Settings",IF($S27="Fail","উন্নতির জন্য বিশেষ যত্ন প্রয়োজন",VLOOKUP($P27,Settings!$A$16:$E$22,5,TRUE())))))),"") -> অসাধারণ | V27: =IFERROR(IF($D27="","",IF(COUNT($G27:$N27)=0,"No marks",IF(SUMPRODUCT(--($G$4:$N$4<=0),--ISNUMBER($G27:$N27))>0,"Extra subject mark",IF(SUMPRODUCT(--($G$4:$N$4>0),--ISNUMBER($G27:$N27))<COUNTIF($G$4:$N$4,">0"),"Missing marks",IF(SUMPRODUCT(--($G$4:$N$4>0),--ISNUMBER($G27:$N27),--IFERROR($G27:$N27>$G$4:$N$4,FALSE()))>0,"Mark exceeds full mark",IF($S27="Setup Required","Settings issue","OK")))))),"Input error") -> OK
A28: 1 | B28: 23 | C28: =IFERROR(IF(OR($D28="",NOT(ISNUMBER($P28)),$S28<>"Passed"),"",COUNTIFS($P$6:$P$45,">"&$P28,$S$6:$S$45,"Passed")+1),"") -> 10 | D28: জিসান | G28: 50 | H28: 34 | I28: 45 | O28: =IFERROR(IF(COUNT($G28:$N28)=0,"",SUMIF($G$4:$N$4,">0",$G28:$N28)),"") -> 129 | P28: =IFERROR(IF($O28="","",IF(SUMIF($G$4:$N$4,">0",$G$4:$N$4)<=0,"",ROUND($O28/SUMIF($G$4:$N$4,">0",$G$4:$N$4)*100,2))),"") -> 86 | Q28: =IFERROR(IF($P28="","",IF($S28="Fail",0,IF($S28="Passed",VLOOKUP($P28,Settings!$A$16:$C$22,3,TRUE()),""))),"") -> 5 | R28: =IFERROR(IF($P28="","",IF($S28="Fail","F",IF($S28="Passed",VLOOKUP($P28,Settings!$A$16:$B$22,2,TRUE()),""))),"") -> A+ | S28: =IFERROR(IF(COUNT($G28:$N28)=0,"",IF(OR(SUMIF($G$4:$N$4,">0",$G$4:$N$4)<=0,Settings!$K$27<=0),"Setup Required",IF(SUMPRODUCT(--($G$4:$N$4>0),--ISNUMBER($G28:$N28))<COUNTIF($G$4:$N$4,">0"),"Incomplete",IF(SUMPRODUCT(--($G$4:$N$4>0),--ISNUMBER($G28:$N28),--IFERROR($G28:$N28<$G$4:$N$4*Settings!$K$27/100,FALSE()))>0,"Fail","Passed")))),"Input Error") -> Passed | T28: 86 | U28: =IFERROR(IF($D28="","",IF($S28="","",IF($S28="Incomplete","Marks incomplete",IF($S28="Setup Required","Check Settings",IF($S28="Fail","উন্নতির জন্য বিশেষ যত্ন প্রয়োজন",VLOOKUP($P28,Settings!$A$16:$E$22,5,TRUE())))))),"") -> অসাধারণ | V28: =IFERROR(IF($D28="","",IF(COUNT($G28:$N28)=0,"No marks",IF(SUMPRODUCT(--($G$4:$N$4<=0),--ISNUMBER($G28:$N28))>0,"Extra subject mark",IF(SUMPRODUCT(--($G$4:$N$4>0),--ISNUMBER($G28:$N28))<COUNTIF($G$4:$N$4,">0"),"Missing marks",IF(SUMPRODUCT(--($G$4:$N$4>0),--ISNUMBER($G28:$N28),--IFERROR($G28:$N28>$G$4:$N$4,FALSE()))>0,"Mark exceeds full mark",IF($S28="Setup Required","Settings issue","OK")))))),"Input error") -> OK
A29: 1 | B29: 24 | C29: =IFERROR(IF(OR($D29="",NOT(ISNUMBER($P29)),$S29<>"Passed"),"",COUNTIFS($P$6:$P$45,">"&$P29,$S$6:$S$45,"Passed")+1),"") -> 21 | D29: শিহাব | G29: 40 | H29: 40 | I29: 28 | O29: =IFERROR(IF(COUNT($G29:$N29)=0,"",SUMIF($G$4:$N$4,">0",$G29:$N29)),"") -> 108 | P29: =IFERROR(IF($O29="","",IF(SUMIF($G$4:$N$4,">0",$G$4:$N$4)<=0,"",ROUND($O29/SUMIF($G$4:$N$4,">0",$G$4:$N$4)*100,2))),"") -> 72 | Q29: =IFERROR(IF($P29="","",IF($S29="Fail",0,IF($S29="Passed",VLOOKUP($P29,Settings!$A$16:$C$22,3,TRUE()),""))),"") -> 4 | R29: =IFERROR(IF($P29="","",IF($S29="Fail","F",IF($S29="Passed",VLOOKUP($P29,Settings!$A$16:$B$22,2,TRUE()),""))),"") -> A | S29: =IFERROR(IF(COUNT($G29:$N29)=0,"",IF(OR(SUMIF($G$4:$N$4,">0",$G$4:$N$4)<=0,Settings!$K$27<=0),"Setup Required",IF(SUMPRODUCT(--($G$4:$N$4>0),--ISNUMBER($G29:$N29))<COUNTIF($G$4:$N$4,">0"),"Incomplete",IF(SUMPRODUCT(--($G$4:$N$4>0),--ISNUMBER($G29:$N29),--IFERROR($G29:$N29<$G$4:$N$4*Settings!$K$27/100,FALSE()))>0,"Fail","Passed")))),"Input Error") -> Passed | T29: 90 | U29: =IFERROR(IF($D29="","",IF($S29="","",IF($S29="Incomplete","Marks incomplete",IF($S29="Setup Required","Check Settings",IF($S29="Fail","উন্নতির জন্য বিশেষ যত্ন প্রয়োজন",VLOOKUP($P29,Settings!$A$16:$E$22,5,TRUE())))))),"") -> চমৎকার | V29: =IFERROR(IF($D29="","",IF(COUNT($G29:$N29)=0,"No marks",IF(SUMPRODUCT(--($G$4:$N$4<=0),--ISNUMBER($G29:$N29))>0,"Extra subject mark",IF(SUMPRODUCT(--($G$4:$N$4>0),--ISNUMBER($G29:$N29))<COUNTIF($G$4:$N$4,">0"),"Missing marks",IF(SUMPRODUCT(--($G$4:$N$4>0),--ISNUMBER($G29:$N29),--IFERROR($G29:$N29>$G$4:$N$4,FALSE()))>0,"Mark exceeds full mark",IF($S29="Setup Required","Settings issue","OK")))))),"Input error") -> OK
A30: 1 | B30: 25 | C30: =IFERROR(IF(OR($D30="",NOT(ISNUMBER($P30)),$S30<>"Passed"),"",COUNTIFS($P$6:$P$45,">"&$P30,$S$6:$S$45,"Passed")+1),"") -> 26 | D30: হাইবাতুল্লাহ | G30: 32 | H30: 28 | I30: 26 | O30: =IFERROR(IF(COUNT($G30:$N30)=0,"",SUMIF($G$4:$N$4,">0",$G30:$N30)),"") -> 86 | P30: =IFERROR(IF($O30="","",IF(SUMIF($G$4:$N$4,">0",$G$4:$N$4)<=0,"",ROUND($O30/SUMIF($G$4:$N$4,">0",$G$4:$N$4)*100,2))),"") -> 57.33 | Q30: =IFERROR(IF($P30="","",IF($S30="Fail",0,IF($S30="Passed",VLOOKUP($P30,Settings!$A$16:$C$22,3,TRUE()),""))),"") -> 3 | R30: =IFERROR(IF($P30="","",IF($S30="Fail","F",IF($S30="Passed",VLOOKUP($P30,Settings!$A$16:$B$22,2,TRUE()),""))),"") -> B | S30: =IFERROR(IF(COUNT($G30:$N30)=0,"",IF(OR(SUMIF($G$4:$N$4,">0",$G$4:$N$4)<=0,Settings!$K$27<=0),"Setup Required",IF(SUMPRODUCT(--($G$4:$N$4>0),--ISNUMBER($G30:$N30))<COUNTIF($G$4:$N$4,">0"),"Incomplete",IF(SUMPRODUCT(--($G$4:$N$4>0),--ISNUMBER($G30:$N30),--IFERROR($G30:$N30<$G$4:$N$4*Settings!$K$27/100,FALSE()))>0,"Fail","Passed")))),"Input Error") -> Passed | T30: 88 | U30: =IFERROR(IF($D30="","",IF($S30="","",IF($S30="Incomplete","Marks incomplete",IF($S30="Setup Required","Check Settings",IF($S30="Fail","উন্নতির জন্য বিশেষ যত্ন প্রয়োজন",VLOOKUP($P30,Settings!$A$16:$E$22,5,TRUE())))))),"") -> ভালো | V30: =IFERROR(IF($D30="","",IF(COUNT($G30:$N30)=0,"No marks",IF(SUMPRODUCT(--($G$4:$N$4<=0),--ISNUMBER($G30:$N30))>0,"Extra subject mark",IF(SUMPRODUCT(--($G$4:$N$4>0),--ISNUMBER($G30:$N30))<COUNTIF($G$4:$N$4,">0"),"Missing marks",IF(SUMPRODUCT(--($G$4:$N$4>0),--ISNUMBER($G30:$N30),--IFERROR($G30:$N30>$G$4:$N$4,FALSE()))>0,"Mark exceeds full mark",IF($S30="Setup Required","Settings issue","OK")))))),"Input error") -> OK
A31: 26 | B31: 26 | C31: =IFERROR(IF(OR($D31="",NOT(ISNUMBER($P31)),$S31<>"Passed"),"",COUNTIFS($P$6:$P$45,">"&$P31,$S$6:$S$45,"Passed")+1),"") | D31: রিমন | G31: 42 | H31: 16 | I31: 5 | O31: =IFERROR(IF(COUNT($G31:$N31)=0,"",SUMIF($G$4:$N$4,">0",$G31:$N31)),"") -> 63 | P31: =IFERROR(IF($O31="","",IF(SUMIF($G$4:$N$4,">0",$G$4:$N$4)<=0,"",ROUND($O31/SUMIF($G$4:$N$4,">0",$G$4:$N$4)*100,2))),"") -> 42 | Q31: =IFERROR(IF($P31="","",IF($S31="Fail",0,IF($S31="Passed",VLOOKUP($P31,Settings!$A$16:$C$22,3,TRUE()),""))),"") -> 0 | R31: =IFERROR(IF($P31="","",IF($S31="Fail","F",IF($S31="Passed",VLOOKUP($P31,Settings!$A$16:$B$22,2,TRUE()),""))),"") -> F | S31: =IFERROR(IF(COUNT($G31:$N31)=0,"",IF(OR(SUMIF($G$4:$N$4,">0",$G$4:$N$4)<=0,Settings!$K$27<=0),"Setup Required",IF(SUMPRODUCT(--($G$4:$N$4>0),--ISNUMBER($G31:$N31))<COUNTIF($G$4:$N$4,">0"),"Incomplete",IF(SUMPRODUCT(--($G$4:$N$4>0),--ISNUMBER($G31:$N31),--IFERROR($G31:$N31<$G$4:$N$4*Settings!$K$27/100,FALSE()))>0,"Fail","Passed")))),"Input Error") -> Fail | T31: 89 | U31: =IFERROR(IF($D31="","",IF($S31="","",IF($S31="Incomplete","Marks incomplete",IF($S31="Setup Required","Check Settings",IF($S31="Fail","উন্নতির জন্য বিশেষ যত্ন প্রয়োজন",VLOOKUP($P31,Settings!$A$16:$E$22,5,TRUE())))))),"") -> উন্নতির জন্য বিশেষ যত্ন প্রয়োজন | V31: =IFERROR(IF($D31="","",IF(COUNT($G31:$N31)=0,"No marks",IF(SUMPRODUCT(--($G$4:$N$4<=0),--ISNUMBER($G31:$N31))>0,"Extra subject mark",IF(SUMPRODUCT(--($G$4:$N$4>0),--ISNUMBER($G31:$N31))<COUNTIF($G$4:$N$4,">0"),"Missing marks",IF(SUMPRODUCT(--($G$4:$N$4>0),--ISNUMBER($G31:$N31),--IFERROR($G31:$N31>$G$4:$N$4,FALSE()))>0,"Mark exceeds full mark",IF($S31="Setup Required","Settings issue","OK")))))),"Input error") -> OK
A32: 27 | B32: 27 | C32: =IFERROR(IF(OR($D32="",NOT(ISNUMBER($P32)),$S32<>"Passed"),"",COUNTIFS($P$6:$P$45,">"&$P32,$S$6:$S$45,"Passed")+1),"") -> 28 | D32: রবিউল | G32: 30 | H32: 33 | I32: 17 | O32: =IFERROR(IF(COUNT($G32:$N32)=0,"",SUMIF($G$4:$N$4,">0",$G32:$N32)),"") -> 80 | P32: =IFERROR(IF($O32="","",IF(SUMIF($G$4:$N$4,">0",$G$4:$N$4)<=0,"",ROUND($O32/SUMIF($G$4:$N$4,">0",$G$4:$N$4)*100,2))),"") -> 53.33 | Q32: =IFERROR(IF($P32="","",IF($S32="Fail",0,IF($S32="Passed",VLOOKUP($P32,Settings!$A$16:$C$22,3,TRUE()),""))),"") -> 3 | R32: =IFERROR(IF($P32="","",IF($S32="Fail","F",IF($S32="Passed",VLOOKUP($P32,Settings!$A$16:$B$22,2,TRUE()),""))),"") -> B | S32: =IFERROR(IF(COUNT($G32:$N32)=0,"",IF(OR(SUMIF($G$4:$N$4,">0",$G$4:$N$4)<=0,Settings!$K$27<=0),"Setup Required",IF(SUMPRODUCT(--($G$4:$N$4>0),--ISNUMBER($G32:$N32))<COUNTIF($G$4:$N$4,">0"),"Incomplete",IF(SUMPRODUCT(--($G$4:$N$4>0),--ISNUMBER($G32:$N32),--IFERROR($G32:$N32<$G$4:$N$4*Settings!$K$27/100,FALSE()))>0,"Fail","Passed")))),"Input Error") -> Passed | T32: 92 | U32: =IFERROR(IF($D32="","",IF($S32="","",IF($S32="Incomplete","Marks incomplete",IF($S32="Setup Required","Check Settings",IF($S32="Fail","উন্নতির জন্য বিশেষ যত্ন প্রয়োজন",VLOOKUP($P32,Settings!$A$16:$E$22,5,TRUE())))))),"") -> ভালো | V32: =IFERROR(IF($D32="","",IF(COUNT($G32:$N32)=0,"No marks",IF(SUMPRODUCT(--($G$4:$N$4<=0),--ISNUMBER($G32:$N32))>0,"Extra subject mark",IF(SUMPRODUCT(--($G$4:$N$4>0),--ISNUMBER($G32:$N32))<COUNTIF($G$4:$N$4,">0"),"Missing marks",IF(SUMPRODUCT(--($G$4:$N$4>0),--ISNUMBER($G32:$N32),--IFERROR($G32:$N32>$G$4:$N$4,FALSE()))>0,"Mark exceeds full mark",IF($S32="Setup Required","Settings issue","OK")))))),"Input error") -> OK
A33: 28 | B33: 28 | C33: =IFERROR(IF(OR($D33="",NOT(ISNUMBER($P33)),$S33<>"Passed"),"",COUNTIFS($P$6:$P$45,">"&$P33,$S$6:$S$45,"Passed")+1),"") -> 19 | D33: সাদিকুল্লাহ | E33: সাদিয়া | G33: 40 | H33: 38 | I33: 33 | O33: =IFERROR(IF(COUNT($G33:$N33)=0,"",SUMIF($G$4:$N$4,">0",$G33:$N33)),"") -> 111 | P33: =IFERROR(IF($O33="","",IF(SUMIF($G$4:$N$4,">0",$G$4:$N$4)<=0,"",ROUND($O33/SUMIF($G$4:$N$4,">0",$G$4:$N$4)*100,2))),"") -> 74 | Q33: =IFERROR(IF($P33="","",IF($S33="Fail",0,IF($S33="Passed",VLOOKUP($P33,Settings!$A$16:$C$22,3,TRUE()),""))),"") -> 4 | R33: =IFERROR(IF($P33="","",IF($S33="Fail","F",IF($S33="Passed",VLOOKUP($P33,Settings!$A$16:$B$22,2,TRUE()),""))),"") -> A | S33: =IFERROR(IF(COUNT($G33:$N33)=0,"",IF(OR(SUMIF($G$4:$N$4,">0",$G$4:$N$4)<=0,Settings!$K$27<=0),"Setup Required",IF(SUMPRODUCT(--($G$4:$N$4>0),--ISNUMBER($G33:$N33))<COUNTIF($G$4:$N$4,">0"),"Incomplete",IF(SUMPRODUCT(--($G$4:$N$4>0),--ISNUMBER($G33:$N33),--IFERROR($G33:$N33<$G$4:$N$4*Settings!$K$27/100,FALSE()))>0,"Fail","Passed")))),"Input Error") -> Passed | T33: 94 | U33: =IFERROR(IF($D33="","",IF($S33="","",IF($S33="Incomplete","Marks incomplete",IF($S33="Setup Required","Check Settings",IF($S33="Fail","উন্নতির জন্য বিশেষ যত্ন প্রয়োজন",VLOOKUP($P33,Settings!$A$16:$E$22,5,TRUE())))))),"") -> চমৎকার | V33: =IFERROR(IF($D33="","",IF(COUNT($G33:$N33)=0,"No marks",IF(SUMPRODUCT(--($G$4:$N$4<=0),--ISNUMBER($G33:$N33))>0,"Extra subject mark",IF(SUMPRODUCT(--($G$4:$N$4>0),--ISNUMBER($G33:$N33))<COUNTIF($G$4:$N$4,">0"),"Missing marks",IF(SUMPRODUCT(--($G$4:$N$4>0),--ISNUMBER($G33:$N33),--IFERROR($G33:$N33>$G$4:$N$4,FALSE()))>0,"Mark exceeds full mark",IF($S33="Setup Required","Settings issue","OK")))))),"Input error") -> OK
A34: 29 | B34: 29 | C34: =IFERROR(IF(OR($D34="",NOT(ISNUMBER($P34)),$S34<>"Passed"),"",COUNTIFS($P$6:$P$45,">"&$P34,$S$6:$S$45,"Passed")+1),"") -> 15 | D34: তামিম | G34: 42 | H34: 30 | I34: 49 | O34: =IFERROR(IF(COUNT($G34:$N34)=0,"",SUMIF($G$4:$N$4,">0",$G34:$N34)),"") -> 121 | P34: =IFERROR(IF($O34="","",IF(SUMIF($G$4:$N$4,">0",$G$4:$N$4)<=0,"",ROUND($O34/SUMIF($G$4:$N$4,">0",$G$4:$N$4)*100,2))),"") -> 80.67 | Q34: =IFERROR(IF($P34="","",IF($S34="Fail",0,IF($S34="Passed",VLOOKUP($P34,Settings!$A$16:$C$22,3,TRUE()),""))),"") -> 5 | R34: =IFERROR(IF($P34="","",IF($S34="Fail","F",IF($S34="Passed",VLOOKUP($P34,Settings!$A$16:$B$22,2,TRUE()),""))),"") -> A+ | S34: =IFERROR(IF(COUNT($G34:$N34)=0,"",IF(OR(SUMIF($G$4:$N$4,">0",$G$4:$N$4)<=0,Settings!$K$27<=0),"Setup Required",IF(SUMPRODUCT(--($G$4:$N$4>0),--ISNUMBER($G34:$N34))<COUNTIF($G$4:$N$4,">0"),"Incomplete",IF(SUMPRODUCT(--($G$4:$N$4>0),--ISNUMBER($G34:$N34),--IFERROR($G34:$N34<$G$4:$N$4*Settings!$K$27/100,FALSE()))>0,"Fail","Passed")))),"Input Error") -> Passed | T34: 91 | U34: =IFERROR(IF($D34="","",IF($S34="","",IF($S34="Incomplete","Marks incomplete",IF($S34="Setup Required","Check Settings",IF($S34="Fail","উন্নতির জন্য বিশেষ যত্ন প্রয়োজন",VLOOKUP($P34,Settings!$A$16:$E$22,5,TRUE())))))),"") -> অসাধারণ | V34: =IFERROR(IF($D34="","",IF(COUNT($G34:$N34)=0,"No marks",IF(SUMPRODUCT(--($G$4:$N$4<=0),--ISNUMBER($G34:$N34))>0,"Extra subject mark",IF(SUMPRODUCT(--($G$4:$N$4>0),--ISNUMBER($G34:$N34))<COUNTIF($G$4:$N$4,">0"),"Missing marks",IF(SUMPRODUCT(--($G$4:$N$4>0),--ISNUMBER($G34:$N34),--IFERROR($G34:$N34>$G$4:$N$4,FALSE()))>0,"Mark exceeds full mark",IF($S34="Setup Required","Settings issue","OK")))))),"Input error") -> OK
A35: 30 | B35: 30 | C35: =IFERROR(IF(OR($D35="",NOT(ISNUMBER($P35)),$S35<>"Passed"),"",COUNTIFS($P$6:$P$45,">"&$P35,$S$6:$S$45,"Passed")+1),"") | D35: রিফাত | E35: রেবেকা | G35: 22 | H35: 24 | I35: 10 | O35: =IFERROR(IF(COUNT($G35:$N35)=0,"",SUMIF($G$4:$N$4,">0",$G35:$N35)),"") -> 56 | P35: =IFERROR(IF($O35="","",IF(SUMIF($G$4:$N$4,">0",$G$4:$N$4)<=0,"",ROUND($O35/SUMIF($G$4:$N$4,">0",$G$4:$N$4)*100,2))),"") -> 37.33 | Q35: =IFERROR(IF($P35="","",IF($S35="Fail",0,IF($S35="Passed",VLOOKUP($P35,Settings!$A$16:$C$22,3,TRUE()),""))),"") -> 0 | R35: =IFERROR(IF($P35="","",IF($S35="Fail","F",IF($S35="Passed",VLOOKUP($P35,Settings!$A$16:$B$22,2,TRUE()),""))),"") -> F | S35: =IFERROR(IF(COUNT($G35:$N35)=0,"",IF(OR(SUMIF($G$4:$N$4,">0",$G$4:$N$4)<=0,Settings!$K$27<=0),"Setup Required",IF(SUMPRODUCT(--($G$4:$N$4>0),--ISNUMBER($G35:$N35))<COUNTIF($G$4:$N$4,">0"),"Incomplete",IF(SUMPRODUCT(--($G$4:$N$4>0),--ISNUMBER($G35:$N35),--IFERROR($G35:$N35<$G$4:$N$4*Settings!$K$27/100,FALSE()))>0,"Fail","Passed")))),"Input Error") -> Fail | T35: 89 | U35: =IFERROR(IF($D35="","",IF($S35="","",IF($S35="Incomplete","Marks incomplete",IF($S35="Setup Required","Check Settings",IF($S35="Fail","উন্নতির জন্য বিশেষ যত্ন প্রয়োজন",VLOOKUP($P35,Settings!$A$16:$E$22,5,TRUE())))))),"") -> উন্নতির জন্য বিশেষ যত্ন প্রয়োজন | V35: =IFERROR(IF($D35="","",IF(COUNT($G35:$N35)=0,"No marks",IF(SUMPRODUCT(--($G$4:$N$4<=0),--ISNUMBER($G35:$N35))>0,"Extra subject mark",IF(SUMPRODUCT(--($G$4:$N$4>0),--ISNUMBER($G35:$N35))<COUNTIF($G$4:$N$4,">0"),"Missing marks",IF(SUMPRODUCT(--($G$4:$N$4>0),--ISNUMBER($G35:$N35),--IFERROR($G35:$N35>$G$4:$N$4,FALSE()))>0,"Mark exceeds full mark",IF($S35="Setup Required","Settings issue","OK")))))),"Input error") -> OK
A36: 31 | B36: 31 | C36: =IFERROR(IF(OR($D36="",NOT(ISNUMBER($P36)),$S36<>"Passed"),"",COUNTIFS($P$6:$P$45,">"&$P36,$S$6:$S$45,"Passed")+1),"") | D36: মো. আলী | O36: =IFERROR(IF(COUNT($G36:$N36)=0,"",SUMIF($G$4:$N$4,">0",$G36:$N36)),"") | P36: =IFERROR(IF($O36="","",IF(SUMIF($G$4:$N$4,">0",$G$4:$N$4)<=0,"",ROUND($O36/SUMIF($G$4:$N$4,">0",$G$4:$N$4)*100,2))),"") | Q36: =IFERROR(IF($P36="","",IF($S36="Fail",0,IF($S36="Passed",VLOOKUP($P36,Settings!$A$16:$C$22,3,TRUE()),""))),"") | R36: =IFERROR(IF($P36="","",IF($S36="Fail","F",IF($S36="Passed",VLOOKUP($P36,Settings!$A$16:$B$22,2,TRUE()),""))),"") | S36: =IFERROR(IF(COUNT($G36:$N36)=0,"",IF(OR(SUMIF($G$4:$N$4,">0",$G$4:$N$4)<=0,Settings!$K$27<=0),"Setup Required",IF(SUMPRODUCT(--($G$4:$N$4>0),--ISNUMBER($G36:$N36))<COUNTIF($G$4:$N$4,">0"),"Incomplete",IF(SUMPRODUCT(--($G$4:$N$4>0),--ISNUMBER($G36:$N36),--IFERROR($G36:$N36<$G$4:$N$4*Settings!$K$27/100,FALSE()))>0,"Fail","Passed")))),"Input Error") | U36: =IFERROR(IF($D36="","",IF($S36="","",IF($S36="Incomplete","Marks incomplete",IF($S36="Setup Required","Check Settings",IF($S36="Fail","উন্নতির জন্য বিশেষ যত্ন প্রয়োজন",VLOOKUP($P36,Settings!$A$16:$E$22,5,TRUE())))))),"") | V36: =IFERROR(IF($D36="","",IF(COUNT($G36:$N36)=0,"No marks",IF(SUMPRODUCT(--($G$4:$N$4<=0),--ISNUMBER($G36:$N36))>0,"Extra subject mark",IF(SUMPRODUCT(--($G$4:$N$4>0),--ISNUMBER($G36:$N36))<COUNTIF($G$4:$N$4,">0"),"Missing marks",IF(SUMPRODUCT(--($G$4:$N$4>0),--ISNUMBER($G36:$N36),--IFERROR($G36:$N36>$G$4:$N$4,FALSE()))>0,"Mark exceeds full mark",IF($S36="Setup Required","Settings issue","OK")))))),"Input error") -> No marks
A37: 32 | B37: 32 | C37: =IFERROR(IF(OR($D37="",NOT(ISNUMBER($P37)),$S37<>"Passed"),"",COUNTIFS($P$6:$P$45,">"&$P37,$S$6:$S$45,"Passed")+1),"") -> 23 | D37: নোমান | G37: 28 | H37: 31 | I37: 34 | O37: =IFERROR(IF(COUNT($G37:$N37)=0,"",SUMIF($G$4:$N$4,">0",$G37:$N37)),"") -> 93 | P37: =IFERROR(IF($O37="","",IF(SUMIF($G$4:$N$4,">0",$G$4:$N$4)<=0,"",ROUND($O37/SUMIF($G$4:$N$4,">0",$G$4:$N$4)*100,2))),"") -> 62 | Q37: =IFERROR(IF($P37="","",IF($S37="Fail",0,IF($S37="Passed",VLOOKUP($P37,Settings!$A$16:$C$22,3,TRUE()),""))),"") -> 3.5 | R37: =IFERROR(IF($P37="","",IF($S37="Fail","F",IF($S37="Passed",VLOOKUP($P37,Settings!$A$16:$B$22,2,TRUE()),""))),"") -> A- | S37: =IFERROR(IF(COUNT($G37:$N37)=0,"",IF(OR(SUMIF($G$4:$N$4,">0",$G$4:$N$4)<=0,Settings!$K$27<=0),"Setup Required",IF(SUMPRODUCT(--($G$4:$N$4>0),--ISNUMBER($G37:$N37))<COUNTIF($G$4:$N$4,">0"),"Incomplete",IF(SUMPRODUCT(--($G$4:$N$4>0),--ISNUMBER($G37:$N37),--IFERROR($G37:$N37<$G$4:$N$4*Settings!$K$27/100,FALSE()))>0,"Fail","Passed")))),"Input Error") -> Passed | T37: 88 | U37: =IFERROR(IF($D37="","",IF($S37="","",IF($S37="Incomplete","Marks incomplete",IF($S37="Setup Required","Check Settings",IF($S37="Fail","উন্নতির জন্য বিশেষ যত্ন প্রয়োজন",VLOOKUP($P37,Settings!$A$16:$E$22,5,TRUE())))))),"") -> খুব ভালো | V37: =IFERROR(IF($D37="","",IF(COUNT($G37:$N37)=0,"No marks",IF(SUMPRODUCT(--($G$4:$N$4<=0),--ISNUMBER($G37:$N37))>0,"Extra subject mark",IF(SUMPRODUCT(--($G$4:$N$4>0),--ISNUMBER($G37:$N37))<COUNTIF($G$4:$N$4,">0"),"Missing marks",IF(SUMPRODUCT(--($G$4:$N$4>0),--ISNUMBER($G37:$N37),--IFERROR($G37:$N37>$G$4:$N$4,FALSE()))>0,"Mark exceeds full mark",IF($S37="Setup Required","Settings issue","OK")))))),"Input error") -> OK
A38: 33 | B38: 33 | C38: =IFERROR(IF(OR($D38="",NOT(ISNUMBER($P38)),$S38<>"Passed"),"",COUNTIFS($P$6:$P$45,">"&$P38,$S$6:$S$45,"Passed")+1),"") -> 25 | D38: জিহাদ | G38: 36 | H38: 26 | I38: 27 | O38: =IFERROR(IF(COUNT($G38:$N38)=0,"",SUMIF($G$4:$N$4,">0",$G38:$N38)),"") -> 89 | P38: =IFERROR(IF($O38="","",IF(SUMIF($G$4:$N$4,">0",$G$4:$N$4)<=0,"",ROUND($O38/SUMIF($G$4:$N$4,">0",$G$4:$N$4)*100,2))),"") -> 59.33 | Q38: =IFERROR(IF($P38="","",IF($S38="Fail",0,IF($S38="Passed",VLOOKUP($P38,Settings!$A$16:$C$22,3,TRUE()),""))),"") -> 3 | R38: =IFERROR(IF($P38="","",IF($S38="Fail","F",IF($S38="Passed",VLOOKUP($P38,Settings!$A$16:$B$22,2,TRUE()),""))),"") -> B | S38: =IFERROR(IF(COUNT($G38:$N38)=0,"",IF(OR(SUMIF($G$4:$N$4,">0",$G$4:$N$4)<=0,Settings!$K$27<=0),"Setup Required",IF(SUMPRODUCT(--($G$4:$N$4>0),--ISNUMBER($G38:$N38))<COUNTIF($G$4:$N$4,">0"),"Incomplete",IF(SUMPRODUCT(--($G$4:$N$4>0),--ISNUMBER($G38:$N38),--IFERROR($G38:$N38<$G$4:$N$4*Settings!$K$27/100,FALSE()))>0,"Fail","Passed")))),"Input Error") -> Passed | T38: 78 | U38: =IFERROR(IF($D38="","",IF($S38="","",IF($S38="Incomplete","Marks incomplete",IF($S38="Setup Required","Check Settings",IF($S38="Fail","উন্নতির জন্য বিশেষ যত্ন প্রয়োজন",VLOOKUP($P38,Settings!$A$16:$E$22,5,TRUE())))))),"") -> ভালো | V38: =IFERROR(IF($D38="","",IF(COUNT($G38:$N38)=0,"No marks",IF(SUMPRODUCT(--($G$4:$N$4<=0),--ISNUMBER($G38:$N38))>0,"Extra subject mark",IF(SUMPRODUCT(--($G$4:$N$4>0),--ISNUMBER($G38:$N38))<COUNTIF($G$4:$N$4,">0"),"Missing marks",IF(SUMPRODUCT(--($G$4:$N$4>0),--ISNUMBER($G38:$N38),--IFERROR($G38:$N38>$G$4:$N$4,FALSE()))>0,"Mark exceeds full mark",IF($S38="Setup Required","Settings issue","OK")))))),"Input error") -> OK
A39: 34 | B39: 34 | C39: =IFERROR(IF(OR($D39="",NOT(ISNUMBER($P39)),$S39<>"Passed"),"",COUNTIFS($P$6:$P$45,">"&$P39,$S$6:$S$45,"Passed")+1),"") | D39: সিয়াম | G39: 5 | O39: =IFERROR(IF(COUNT($G39:$N39)=0,"",SUMIF($G$4:$N$4,">0",$G39:$N39)),"") -> 5 | P39: =IFERROR(IF($O39="","",IF(SUMIF($G$4:$N$4,">0",$G$4:$N$4)<=0,"",ROUND($O39/SUMIF($G$4:$N$4,">0",$G$4:$N$4)*100,2))),"") -> 3.33 | Q39: =IFERROR(IF($P39="","",IF($S39="Fail",0,IF($S39="Passed",VLOOKUP($P39,Settings!$A$16:$C$22,3,TRUE()),""))),"") | R39: =IFERROR(IF($P39="","",IF($S39="Fail","F",IF($S39="Passed",VLOOKUP($P39,Settings!$A$16:$B$22,2,TRUE()),""))),"") | S39: =IFERROR(IF(COUNT($G39:$N39)=0,"",IF(OR(SUMIF($G$4:$N$4,">0",$G$4:$N$4)<=0,Settings!$K$27<=0),"Setup Required",IF(SUMPRODUCT(--($G$4:$N$4>0),--ISNUMBER($G39:$N39))<COUNTIF($G$4:$N$4,">0"),"Incomplete",IF(SUMPRODUCT(--($G$4:$N$4>0),--ISNUMBER($G39:$N39),--IFERROR($G39:$N39<$G$4:$N$4*Settings!$K$27/100,FALSE()))>0,"Fail","Passed")))),"Input Error") -> Incomplete | T39: 87 | U39: =IFERROR(IF($D39="","",IF($S39="","",IF($S39="Incomplete","Marks incomplete",IF($S39="Setup Required","Check Settings",IF($S39="Fail","উন্নতির জন্য বিশেষ যত্ন প্রয়োজন",VLOOKUP($P39,Settings!$A$16:$E$22,5,TRUE())))))),"") -> Marks incomplete | V39: =IFERROR(IF($D39="","",IF(COUNT($G39:$N39)=0,"No marks",IF(SUMPRODUCT(--($G$4:$N$4<=0),--ISNUMBER($G39:$N39))>0,"Extra subject mark",IF(SUMPRODUCT(--($G$4:$N$4>0),--ISNUMBER($G39:$N39))<COUNTIF($G$4:$N$4,">0"),"Missing marks",IF(SUMPRODUCT(--($G$4:$N$4>0),--ISNUMBER($G39:$N39),--IFERROR($G39:$N39>$G$4:$N$4,FALSE()))>0,"Mark exceeds full mark",IF($S39="Setup Required","Settings issue","OK")))))),"Input error") -> Missing marks
A40: 35 | B40: 35 | C40: =IFERROR(IF(OR($D40="",NOT(ISNUMBER($P40)),$S40<>"Passed"),"",COUNTIFS($P$6:$P$45,">"&$P40,$S$6:$S$45,"Passed")+1),"") | D40: জান্নাতি | H40: 12 | I40: 2 | O40: =IFERROR(IF(COUNT($G40:$N40)=0,"",SUMIF($G$4:$N$4,">0",$G40:$N40)),"") -> 14 | P40: =IFERROR(IF($O40="","",IF(SUMIF($G$4:$N$4,">0",$G$4:$N$4)<=0,"",ROUND($O40/SUMIF($G$4:$N$4,">0",$G$4:$N$4)*100,2))),"") -> 9.33 | Q40: =IFERROR(IF($P40="","",IF($S40="Fail",0,IF($S40="Passed",VLOOKUP($P40,Settings!$A$16:$C$22,3,TRUE()),""))),"") | R40: =IFERROR(IF($P40="","",IF($S40="Fail","F",IF($S40="Passed",VLOOKUP($P40,Settings!$A$16:$B$22,2,TRUE()),""))),"") | S40: =IFERROR(IF(COUNT($G40:$N40)=0,"",IF(OR(SUMIF($G$4:$N$4,">0",$G$4:$N$4)<=0,Settings!$K$27<=0),"Setup Required",IF(SUMPRODUCT(--($G$4:$N$4>0),--ISNUMBER($G40:$N40))<COUNTIF($G$4:$N$4,">0"),"Incomplete",IF(SUMPRODUCT(--($G$4:$N$4>0),--ISNUMBER($G40:$N40),--IFERROR($G40:$N40<$G$4:$N$4*Settings!$K$27/100,FALSE()))>0,"Fail","Passed")))),"Input Error") -> Incomplete | T40: 83 | U40: =IFERROR(IF($D40="","",IF($S40="","",IF($S40="Incomplete","Marks incomplete",IF($S40="Setup Required","Check Settings",IF($S40="Fail","উন্নতির জন্য বিশেষ যত্ন প্রয়োজন",VLOOKUP($P40,Settings!$A$16:$E$22,5,TRUE())))))),"") -> Marks incomplete | V40: =IFERROR(IF($D40="","",IF(COUNT($G40:$N40)=0,"No marks",IF(SUMPRODUCT(--($G$4:$N$4<=0),--ISNUMBER($G40:$N40))>0,"Extra subject mark",IF(SUMPRODUCT(--($G$4:$N$4>0),--ISNUMBER($G40:$N40))<COUNTIF($G$4:$N$4,">0"),"Missing marks",IF(SUMPRODUCT(--($G$4:$N$4>0),--ISNUMBER($G40:$N40),--IFERROR($G40:$N40>$G$4:$N$4,FALSE()))>0,"Mark exceeds full mark",IF($S40="Setup Required","Settings issue","OK")))))),"Input error") -> Missing marks
A41: 36 | B41: 36 | C41: =IFERROR(IF(OR($D41="",NOT(ISNUMBER($P41)),$S41<>"Passed"),"",COUNTIFS($P$6:$P$45,">"&$P41,$S$6:$S$45,"Passed")+1),"") | O41: =IFERROR(IF(COUNT($G41:$N41)=0,"",SUMIF($G$4:$N$4,">0",$G41:$N41)),"") | P41: =IFERROR(IF($O41="","",IF(SUMIF($G$4:$N$4,">0",$G$4:$N$4)<=0,"",ROUND($O41/SUMIF($G$4:$N$4,">0",$G$4:$N$4)*100,2))),"") | Q41: =IFERROR(IF($P41="","",IF($S41="Fail",0,IF($S41="Passed",VLOOKUP($P41,Settings!$A$16:$C$22,3,TRUE()),""))),"") | R41: =IFERROR(IF($P41="","",IF($S41="Fail","F",IF($S41="Passed",VLOOKUP($P41,Settings!$A$16:$B$22,2,TRUE()),""))),"") | S41: =IFERROR(IF(COUNT($G41:$N41)=0,"",IF(OR(SUMIF($G$4:$N$4,">0",$G$4:$N$4)<=0,Settings!$K$27<=0),"Setup Required",IF(SUMPRODUCT(--($G$4:$N$4>0),--ISNUMBER($G41:$N41))<COUNTIF($G$4:$N$4,">0"),"Incomplete",IF(SUMPRODUCT(--($G$4:$N$4>0),--ISNUMBER($G41:$N41),--IFERROR($G41:$N41<$G$4:$N$4*Settings!$K$27/100,FALSE()))>0,"Fail","Passed")))),"Input Error") | U41: =IFERROR(IF($D41="","",IF($S41="","",IF($S41="Incomplete","Marks incomplete",IF($S41="Setup Required","Check Settings",IF($S41="Fail","উন্নতির জন্য বিশেষ যত্ন প্রয়োজন",VLOOKUP($P41,Settings!$A$16:$E$22,5,TRUE())))))),"") | V41: =IFERROR(IF($D41="","",IF(COUNT($G41:$N41)=0,"No marks",IF(SUMPRODUCT(--($G$4:$N$4<=0),--ISNUMBER($G41:$N41))>0,"Extra subject mark",IF(SUMPRODUCT(--($G$4:$N$4>0),--ISNUMBER($G41:$N41))<COUNTIF($G$4:$N$4,">0"),"Missing marks",IF(SUMPRODUCT(--($G$4:$N$4>0),--ISNUMBER($G41:$N41),--IFERROR($G41:$N41>$G$4:$N$4,FALSE()))>0,"Mark exceeds full mark",IF($S41="Setup Required","Settings issue","OK")))))),"Input error")
A42: 37 | B42: 37 | C42: =IFERROR(IF(OR($D42="",NOT(ISNUMBER($P42)),$S42<>"Passed"),"",COUNTIFS($P$6:$P$45,">"&$P42,$S$6:$S$45,"Passed")+1),"") | O42: =IFERROR(IF(COUNT($G42:$N42)=0,"",SUMIF($G$4:$N$4,">0",$G42:$N42)),"") | P42: =IFERROR(IF($O42="","",IF(SUMIF($G$4:$N$4,">0",$G$4:$N$4)<=0,"",ROUND($O42/SUMIF($G$4:$N$4,">0",$G$4:$N$4)*100,2))),"") | Q42: =IFERROR(IF($P42="","",IF($S42="Fail",0,IF($S42="Passed",VLOOKUP($P42,Settings!$A$16:$C$22,3,TRUE()),""))),"") | R42: =IFERROR(IF($P42="","",IF($S42="Fail","F",IF($S42="Passed",VLOOKUP($P42,Settings!$A$16:$B$22,2,TRUE()),""))),"") | S42: =IFERROR(IF(COUNT($G42:$N42)=0,"",IF(OR(SUMIF($G$4:$N$4,">0",$G$4:$N$4)<=0,Settings!$K$27<=0),"Setup Required",IF(SUMPRODUCT(--($G$4:$N$4>0),--ISNUMBER($G42:$N42))<COUNTIF($G$4:$N$4,">0"),"Incomplete",IF(SUMPRODUCT(--($G$4:$N$4>0),--ISNUMBER($G42:$N42),--IFERROR($G42:$N42<$G$4:$N$4*Settings!$K$27/100,FALSE()))>0,"Fail","Passed")))),"Input Error") | U42: =IFERROR(IF($D42="","",IF($S42="","",IF($S42="Incomplete","Marks incomplete",IF($S42="Setup Required","Check Settings",IF($S42="Fail","উন্নতির জন্য বিশেষ যত্ন প্রয়োজন",VLOOKUP($P42,Settings!$A$16:$E$22,5,TRUE())))))),"") | V42: =IFERROR(IF($D42="","",IF(COUNT($G42:$N42)=0,"No marks",IF(SUMPRODUCT(--($G$4:$N$4<=0),--ISNUMBER($G42:$N42))>0,"Extra subject mark",IF(SUMPRODUCT(--($G$4:$N$4>0),--ISNUMBER($G42:$N42))<COUNTIF($G$4:$N$4,">0"),"Missing marks",IF(SUMPRODUCT(--($G$4:$N$4>0),--ISNUMBER($G42:$N42),--IFERROR($G42:$N42>$G$4:$N$4,FALSE()))>0,"Mark exceeds full mark",IF($S42="Setup Required","Settings issue","OK")))))),"Input error")
A43: 38 | B43: 38 | C43: =IFERROR(IF(OR($D43="",NOT(ISNUMBER($P43)),$S43<>"Passed"),"",COUNTIFS($P$6:$P$45,">"&$P43,$S$6:$S$45,"Passed")+1),"") | O43: =IFERROR(IF(COUNT($G43:$N43)=0,"",SUMIF($G$4:$N$4,">0",$G43:$N43)),"") | P43: =IFERROR(IF($O43="","",IF(SUMIF($G$4:$N$4,">0",$G$4:$N$4)<=0,"",ROUND($O43/SUMIF($G$4:$N$4,">0",$G$4:$N$4)*100,2))),"") | Q43: =IFERROR(IF($P43="","",IF($S43="Fail",0,IF($S43="Passed",VLOOKUP($P43,Settings!$A$16:$C$22,3,TRUE()),""))),"") | R43: =IFERROR(IF($P43="","",IF($S43="Fail","F",IF($S43="Passed",VLOOKUP($P43,Settings!$A$16:$B$22,2,TRUE()),""))),"") | S43: =IFERROR(IF(COUNT($G43:$N43)=0,"",IF(OR(SUMIF($G$4:$N$4,">0",$G$4:$N$4)<=0,Settings!$K$27<=0),"Setup Required",IF(SUMPRODUCT(--($G$4:$N$4>0),--ISNUMBER($G43:$N43))<COUNTIF($G$4:$N$4,">0"),"Incomplete",IF(SUMPRODUCT(--($G$4:$N$4>0),--ISNUMBER($G43:$N43),--IFERROR($G43:$N43<$G$4:$N$4*Settings!$K$27/100,FALSE()))>0,"Fail","Passed")))),"Input Error") | U43: =IFERROR(IF($D43="","",IF($S43="","",IF($S43="Incomplete","Marks incomplete",IF($S43="Setup Required","Check Settings",IF($S43="Fail","উন্নতির জন্য বিশেষ যত্ন প্রয়োজন",VLOOKUP($P43,Settings!$A$16:$E$22,5,TRUE())))))),"") | V43: =IFERROR(IF($D43="","",IF(COUNT($G43:$N43)=0,"No marks",IF(SUMPRODUCT(--($G$4:$N$4<=0),--ISNUMBER($G43:$N43))>0,"Extra subject mark",IF(SUMPRODUCT(--($G$4:$N$4>0),--ISNUMBER($G43:$N43))<COUNTIF($G$4:$N$4,">0"),"Missing marks",IF(SUMPRODUCT(--($G$4:$N$4>0),--ISNUMBER($G43:$N43),--IFERROR($G43:$N43>$G$4:$N$4,FALSE()))>0,"Mark exceeds full mark",IF($S43="Setup Required","Settings issue","OK")))))),"Input error")
A44: 39 | B44: 39 | C44: =IFERROR(IF(OR($D44="",NOT(ISNUMBER($P44)),$S44<>"Passed"),"",COUNTIFS($P$6:$P$45,">"&$P44,$S$6:$S$45,"Passed")+1),"") | O44: =IFERROR(IF(COUNT($G44:$N44)=0,"",SUMIF($G$4:$N$4,">0",$G44:$N44)),"") | P44: =IFERROR(IF($O44="","",IF(SUMIF($G$4:$N$4,">0",$G$4:$N$4)<=0,"",ROUND($O44/SUMIF($G$4:$N$4,">0",$G$4:$N$4)*100,2))),"") | Q44: =IFERROR(IF($P44="","",IF($S44="Fail",0,IF($S44="Passed",VLOOKUP($P44,Settings!$A$16:$C$22,3,TRUE()),""))),"") | R44: =IFERROR(IF($P44="","",IF($S44="Fail","F",IF($S44="Passed",VLOOKUP($P44,Settings!$A$16:$B$22,2,TRUE()),""))),"") | S44: =IFERROR(IF(COUNT($G44:$N44)=0,"",IF(OR(SUMIF($G$4:$N$4,">0",$G$4:$N$4)<=0,Settings!$K$27<=0),"Setup Required",IF(SUMPRODUCT(--($G$4:$N$4>0),--ISNUMBER($G44:$N44))<COUNTIF($G$4:$N$4,">0"),"Incomplete",IF(SUMPRODUCT(--($G$4:$N$4>0),--ISNUMBER($G44:$N44),--IFERROR($G44:$N44<$G$4:$N$4*Settings!$K$27/100,FALSE()))>0,"Fail","Passed")))),"Input Error") | U44: =IFERROR(IF($D44="","",IF($S44="","",IF($S44="Incomplete","Marks incomplete",IF($S44="Setup Required","Check Settings",IF($S44="Fail","উন্নতির জন্য বিশেষ যত্ন প্রয়োজন",VLOOKUP($P44,Settings!$A$16:$E$22,5,TRUE())))))),"") | V44: =IFERROR(IF($D44="","",IF(COUNT($G44:$N44)=0,"No marks",IF(SUMPRODUCT(--($G$4:$N$4<=0),--ISNUMBER($G44:$N44))>0,"Extra subject mark",IF(SUMPRODUCT(--($G$4:$N$4>0),--ISNUMBER($G44:$N44))<COUNTIF($G$4:$N$4,">0"),"Missing marks",IF(SUMPRODUCT(--($G$4:$N$4>0),--ISNUMBER($G44:$N44),--IFERROR($G44:$N44>$G$4:$N$4,FALSE()))>0,"Mark exceeds full mark",IF($S44="Setup Required","Settings issue","OK")))))),"Input error")
A45: 40 | B45: 40 | C45: =IFERROR(IF(OR($D45="",NOT(ISNUMBER($P45)),$S45<>"Passed"),"",COUNTIFS($P$6:$P$45,">"&$P45,$S$6:$S$45,"Passed")+1),"") | O45: =IFERROR(IF(COUNT($G45:$N45)=0,"",SUMIF($G$4:$N$4,">0",$G45:$N45)),"") | P45: =IFERROR(IF($O45="","",IF(SUMIF($G$4:$N$4,">0",$G$4:$N$4)<=0,"",ROUND($O45/SUMIF($G$4:$N$4,">0",$G$4:$N$4)*100,2))),"") | Q45: =IFERROR(IF($P45="","",IF($S45="Fail",0,IF($S45="Passed",VLOOKUP($P45,Settings!$A$16:$C$22,3,TRUE()),""))),"") | R45: =IFERROR(IF($P45="","",IF($S45="Fail","F",IF($S45="Passed",VLOOKUP($P45,Settings!$A$16:$B$22,2,TRUE()),""))),"") | S45: =IFERROR(IF(COUNT($G45:$N45)=0,"",IF(OR(SUMIF($G$4:$N$4,">0",$G$4:$N$4)<=0,Settings!$K$27<=0),"Setup Required",IF(SUMPRODUCT(--($G$4:$N$4>0),--ISNUMBER($G45:$N45))<COUNTIF($G$4:$N$4,">0"),"Incomplete",IF(SUMPRODUCT(--($G$4:$N$4>0),--ISNUMBER($G45:$N45),--IFERROR($G45:$N45<$G$4:$N$4*Settings!$K$27/100,FALSE()))>0,"Fail","Passed")))),"Input Error") | U45: =IFERROR(IF($D45="","",IF($S45="","",IF($S45="Incomplete","Marks incomplete",IF($S45="Setup Required","Check Settings",IF($S45="Fail","উন্নতির জন্য বিশেষ যত্ন প্রয়োজন",VLOOKUP($P45,Settings!$A$16:$E$22,5,TRUE())))))),"") | V45: =IFERROR(IF($D45="","",IF(COUNT($G45:$N45)=0,"No marks",IF(SUMPRODUCT(--($G$4:$N$4<=0),--ISNUMBER($G45:$N45))>0,"Extra subject mark",IF(SUMPRODUCT(--($G$4:$N$4>0),--ISNUMBER($G45:$N45))<COUNTIF($G$4:$N$4,">0"),"Missing marks",IF(SUMPRODUCT(--($G$4:$N$4>0),--ISNUMBER($G45:$N45),--IFERROR($G45:$N45>$G$4:$N$4,FALSE()))>0,"Mark exceeds full mark",IF($S45="Setup Required","Settings issue","OK")))))),"Input error")

Sheet দ্বিতীয়
A1: =IFERROR(Settings!$B$5,"") -> বেজখন্ড সঃ প্রাঃ বিদ্যালয়
A2: =IFERROR(Settings!$B$6&" | শ্রেণি: দ্বিতীয় ","") -> প্রথম প্রান্তিক মূল্যায়ন | শ্রেণি: দ্বিতীয়
A4: পূর্ণমান | G4: =IFERROR(IF(Settings!$B$28>0,Settings!$B$28,""),"") -> 50 | H4: =IFERROR(IF(Settings!$C$28>0,Settings!$C$28,""),"") -> 50 | I4: =IFERROR(IF(Settings!$D$28>0,Settings!$D$28,""),"") -> 50 | J4: =IFERROR(IF(Settings!$E$28>0,Settings!$E$28,""),"")
A5: # | B5: রোল | C5: মেধা | D5: শিক্ষার্থীর নাম | E5: অভিভাবক | F5: গ্রাম | G5: =IFERROR(IF(Settings!$B$28>0,Settings!$B$26,""),"") -> বাংলা | H5: =IFERROR(IF(Settings!$C$28>0,Settings!$C$26,""),"") -> English | I5: =IFERROR(IF(Settings!$D$28>0,Settings!$D$26,""),"") -> গণিত | J5: =IFERROR(IF(Settings!$E$28>0,Settings!$E$26,""),"") | O5: মোট | P5: গড় % | Q5: GPA | R5: গ্রেড | S5: ফলাফল | T5: উপস্থিতি % | U5: Auto Remark | V5: QC Flag
A6: 1 | B6: 1 | C6: =IFERROR(IF(OR($D6="",NOT(ISNUMBER($P6)),$S6<>"Passed"),"",COUNTIFS($P$6:$P$45,">"&$P6,$S$6:$S$45,"Passed")+1),"") -> 3 | D6: রাব্বি হাসান | G6: 36 | H6: 41 | I6: 43 | O6: =IFERROR(IF(COUNT($G6:$N6)=0,"",SUMIF($G$4:$N$4,">0",$G6:$N6)),"") -> 120 | P6: =IFERROR(IF($O6="","",IF(SUMIF($G$4:$N$4,">0",$G$4:$N$4)<=0,"",ROUND($O6/SUMIF($G$4:$N$4,">0",$G$4:$N$4)*100,2))),"") -> 80 | Q6: =IFERROR(IF($P6="","",IF($S6="Fail",0,IF($S6="Passed",VLOOKUP($P6,Settings!$A$16:$C$22,3,TRUE()),""))),"") -> 5 | R6: =IFERROR(IF($P6="","",IF($S6="Fail","F",IF($S6="Passed",VLOOKUP($P6,Settings!$A$16:$B$22,2,TRUE()),""))),"") -> A+ | S6: =IFERROR(IF(COUNT($G6:$N6)=0,"",IF(OR(SUMIF($G$4:$N$4,">0",$G$4:$N$4)<=0,Settings!$K$27<=0),"Setup Required",IF(SUMPRODUCT(--($G$4:$N$4>0),--ISNUMBER($G6:$N6))<COUNTIF($G$4:$N$4,">0"),"Incomplete",IF(SUMPRODUCT(--($G$4:$N$4>0),--ISNUMBER($G6:$N6),--IFERROR($G6:$N6<$G$4:$N$4*Settings!$K$27/100,FALSE()))>0,"Fail","Passed")))),"Input Error") -> Passed | T6: 97 | U6: =IFERROR(IF($D6="","",IF($S6="","",IF($S6="Incomplete","Marks incomplete",IF($S6="Setup Required","Check Settings",IF($S6="Fail","উন্নতির জন্য বিশেষ যত্ন প্রয়োজন",VLOOKUP($P6,Settings!$A$16:$E$22,5,TRUE())))))),"") -> অসাধারণ | V6: =IFERROR(IF($D6="","",IF(COUNT($G6:$N6)=0,"No marks",IF(SUMPRODUCT(--($G$4:$N$4<=0),--ISNUMBER($G6:$N6))>0,"Extra subject mark",IF(SUMPRODUCT(--($G$4:$N$4>0),--ISNUMBER($G6:$N6))<COUNTIF($G$4:$N$4,">0"),"Missing marks",IF(SUMPRODUCT(--($G$4:$N$4>0),--ISNUMBER($G6:$N6),--IFERROR($G6:$N6>$G$4:$N$4,FALSE()))>0,"Mark exceeds full mark",IF($S6="Setup Required","Settings issue","OK")))))),"Input error") -> OK
A7: 2 | B7: 2 | C7: =IFERROR(IF(OR($D7="",NOT(ISNUMBER($P7)),$S7<>"Passed"),"",COUNTIFS($P$6:$P$45,">"&$P7,$S$6:$S$45,"Passed")+1),"") -> 12 | D7: নাহিদা | G7: 23 | H7: 33 | I7: 29 | O7: =IFERROR(IF(COUNT($G7:$N7)=0,"",SUMIF($G$4:$N$4,">0",$G7:$N7)),"") -> 85 | P7: =IFERROR(IF($O7="","",IF(SUMIF($G$4:$N$4,">0",$G$4:$N$4)<=0,"",ROUND($O7/SUMIF($G$4:$N$4,">0",$G$4:$N$4)*100,2))),"") -> 56.67 | Q7: =IFERROR(IF($P7="","",IF($S7="Fail",0,IF($S7="Passed",VLOOKUP($P7,Settings!$A$16:$C$22,3,TRUE()),""))),"") -> 3 | R7: =IFERROR(IF($P7="","",IF($S7="Fail","F",IF($S7="Passed",VLOOKUP($P7,Settings!$A$16:$B$22,2,TRUE()),""))),"") -> B | S7: =IFERROR(IF(COUNT($G7:$N7)=0,"",IF(OR(SUMIF($G$4:$N$4,">0",$G$4:$N$4)<=0,Settings!$K$27<=0),"Setup Required",IF(SUMPRODUCT(--($G$4:$N$4>0),--ISNUMBER($G7:$N7))<COUNTIF($G$4:$N$4,">0"),"Incomplete",IF(SUMPRODUCT(--($G$4:$N$4>0),--ISNUMBER($G7:$N7),--IFERROR($G7:$N7<$G$4:$N$4*Settings!$K$27/100,FALSE()))>0,"Fail","Passed")))),"Input Error") -> Passed | T7: 90 | U7: =IFERROR(IF($D7="","",IF($S7="","",IF($S7="Incomplete","Marks incomplete",IF($S7="Setup Required","Check Settings",IF($S7="Fail","উন্নতির জন্য বিশেষ যত্ন প্রয়োজন",VLOOKUP($P7,Settings!$A$16:$E$22,5,TRUE())))))),"") -> ভালো | V7: =IFERROR(IF($D7="","",IF(COUNT($G7:$N7)=0,"No marks",IF(SUMPRODUCT(--($G$4:$N$4<=0),--ISNUMBER($G7:$N7))>0,"Extra subject mark",IF(SUMPRODUCT(--($G$4:$N$4>0),--ISNUMBER($G7:$N7))<COUNTIF($G$4:$N$4,">0"),"Missing marks",IF(SUMPRODUCT(--($G$4:$N$4>0),--ISNUMBER($G7:$N7),--IFERROR($G7:$N7>$G$4:$N$4,FALSE()))>0,"Mark exceeds full mark",IF($S7="Setup Required","Settings issue","OK")))))),"Input error") -> OK
A8: 3 | B8: 3 | C8: =IFERROR(IF(OR($D8="",NOT(ISNUMBER($P8)),$S8<>"Passed"),"",COUNTIFS($P$6:$P$45,">"&$P8,$S$6:$S$45,"Passed")+1),"") | D8: ইয়াসিন | G8: 12 | H8: 32 | I8: 22 | O8: =IFERROR(IF(COUNT($G8:$N8)=0,"",SUMIF($G$4:$N$4,">0",$G8:$N8)),"") -> 66 | P8: =IFERROR(IF($O8="","",IF(SUMIF($G$4:$N$4,">0",$G$4:$N$4)<=0,"",ROUND($O8/SUMIF($G$4:$N$4,">0",$G$4:$N$4)*100,2))),"") -> 44 | Q8: =IFERROR(IF($P8="","",IF($S8="Fail",0,IF($S8="Passed",VLOOKUP($P8,Settings!$A$16:$C$22,3,TRUE()),""))),"") -> 0 | R8: =IFERROR(IF($P8="","",IF($S8="Fail","F",IF($S8="Passed",VLOOKUP($P8,Settings!$A$16:$B$22,2,TRUE()),""))),"") -> F | S8: =IFERROR(IF(COUNT($G8:$N8)=0,"",IF(OR(SUMIF($G$4:$N$4,">0",$G$4:$N$4)<=0,Settings!$K$27<=0),"Setup Required",IF(SUMPRODUCT(--($G$4:$N$4>0),--ISNUMBER($G8:$N8))<COUNTIF($G$4:$N$4,">0"),"Incomplete",IF(SUMPRODUCT(--($G$4:$N$4>0),--ISNUMBER($G8:$N8),--IFERROR($G8:$N8<$G$4:$N$4*Settings!$K$27/100,FALSE()))>0,"Fail","Passed")))),"Input Error") -> Fail | T8: 91 | U8: =IFERROR(IF($D8="","",IF($S8="","",IF($S8="Incomplete","Marks incomplete",IF($S8="Setup Required","Check Settings",IF($S8="Fail","উন্নতির জন্য বিশেষ যত্ন প্রয়োজন",VLOOKUP($P8,Settings!$A$16:$E$22,5,TRUE())))))),"") -> উন্নতির জন্য বিশেষ যত্ন প্রয়োজন | V8: =IFERROR(IF($D8="","",IF(COUNT($G8:$N8)=0,"No marks",IF(SUMPRODUCT(--($G$4:$N$4<=0),--ISNUMBER($G8:$N8))>0,"Extra subject mark",IF(SUMPRODUCT(--($G$4:$N$4>0),--ISNUMBER($G8:$N8))<COUNTIF($G$4:$N$4,">0"),"Missing marks",IF(SUMPRODUCT(--($G$4:$N$4>0),--ISNUMBER($G8:$N8),--IFERROR($G8:$N8>$G$4:$N$4,FALSE()))>0,"Mark exceeds full mark",IF($S8="Setup Required","Settings issue","OK")))))),"Input error") -> OK
A9: 4 | B9: 4 | C9: =IFERROR(IF(OR($D9="",NOT(ISNUMBER($P9)),$S9<>"Passed"),"",COUNTIFS($P$6:$P$45,">"&$P9,$S$6:$S$45,"Passed")+1),"") -> 8 | D9: জুনাইরা | G9: 21 | H9: 36 | I9: 47 | O9: =IFERROR(IF(COUNT($G9:$N9)=0,"",SUMIF($G$4:$N$4,">0",$G9:$N9)),"") -> 104 | P9: =IFERROR(IF($O9="","",IF(SUMIF($G$4:$N$4,">0",$G$4:$N$4)<=0,"",ROUND($O9/SUMIF($G$4:$N$4,">0",$G$4:$N$4)*100,2))),"") -> 69.33 | Q9: =IFERROR(IF($P9="","",IF($S9="Fail",0,IF($S9="Passed",VLOOKUP($P9,Settings!$A$16:$C$22,3,TRUE()),""))),"") -> 3.5 | R9: =IFERROR(IF($P9="","",IF($S9="Fail","F",IF($S9="Passed",VLOOKUP($P9,Settings!$A$16:$B$22,2,TRUE()),""))),"") -> A- | S9: =IFERROR(IF(COUNT($G9:$N9)=0,"",IF(OR(SUMIF($G$4:$N$4,">0",$G$4:$N$4)<=0,Settings!$K$27<=0),"Setup Required",IF(SUMPRODUCT(--($G$4:$N$4>0),--ISNUMBER($G9:$N9))<COUNTIF($G$4:$N$4,">0"),"Incomplete",IF(SUMPRODUCT(--($G$4:$N$4>0),--ISNUMBER($G9:$N9),--IFERROR($G9:$N9<$G$4:$N$4*Settings!$K$27/100,FALSE()))>0,"Fail","Passed")))),"Input Error") -> Passed | T9: 92 | U9: =IFERROR(IF($D9="","",IF($S9="","",IF($S9="Incomplete","Marks incomplete",IF($S9="Setup Required","Check Settings",IF($S9="Fail","উন্নতির জন্য বিশেষ যত্ন প্রয়োজন",VLOOKUP($P9,Settings!$A$16:$E$22,5,TRUE())))))),"") -> খুব ভালো | V9: =IFERROR(IF($D9="","",IF(COUNT($G9:$N9)=0,"No marks",IF(SUMPRODUCT(--($G$4:$N$4<=0),--ISNUMBER($G9:$N9))>0,"Extra subject mark",IF(SUMPRODUCT(--($G$4:$N$4>0),--ISNUMBER($G9:$N9))<COUNTIF($G$4:$N$4,">0"),"Missing marks",IF(SUMPRODUCT(--($G$4:$N$4>0),--ISNUMBER($G9:$N9),--IFERROR($G9:$N9>$G$4:$N$4,FALSE()))>0,"Mark exceeds full mark",IF($S9="Setup Required","Settings issue","OK")))))),"Input error") -> OK
A10: 5 | B10: 5 | C10: =IFERROR(IF(OR($D10="",NOT(ISNUMBER($P10)),$S10<>"Passed"),"",COUNTIFS($P$6:$P$45,">"&$P10,$S$6:$S$45,"Passed")+1),"") | D10: রেমি | G10: 5 | H10: 30 | I10: 13 | O10: =IFERROR(IF(COUNT($G10:$N10)=0,"",SUMIF($G$4:$N$4,">0",$G10:$N10)),"") -> 48 | P10: =IFERROR(IF($O10="","",IF(SUMIF($G$4:$N$4,">0",$G$4:$N$4)<=0,"",ROUND($O10/SUMIF($G$4:$N$4,">0",$G$4:$N$4)*100,2))),"") -> 32 | Q10: =IFERROR(IF($P10="","",IF($S10="Fail",0,IF($S10="Passed",VLOOKUP($P10,Settings!$A$16:$C$22,3,TRUE()),""))),"") -> 0 | R10: =IFERROR(IF($P10="","",IF($S10="Fail","F",IF($S10="Passed",VLOOKUP($P10,Settings!$A$16:$B$22,2,TRUE()),""))),"") -> F | S10: =IFERROR(IF(COUNT($G10:$N10)=0,"",IF(OR(SUMIF($G$4:$N$4,">0",$G$4:$N$4)<=0,Settings!$K$27<=0),"Setup Required",IF(SUMPRODUCT(--($G$4:$N$4>0),--ISNUMBER($G10:$N10))<COUNTIF($G$4:$N$4,">0"),"Incomplete",IF(SUMPRODUCT(--($G$4:$N$4>0),--ISNUMBER($G10:$N10),--IFERROR($G10:$N10<$G$4:$N$4*Settings!$K$27/100,FALSE()))>0,"Fail","Passed")))),"Input Error") -> Fail | T10: 95 | U10: =IFERROR(IF($D10="","",IF($S10="","",IF($S10="Incomplete","Marks incomplete",IF($S10="Setup Required","Check Settings",IF($S10="Fail","উন্নতির জন্য বিশেষ যত্ন প্রয়োজন",VLOOKUP($P10,Settings!$A$16:$E$22,5,TRUE())))))),"") -> উন্নতির জন্য বিশেষ যত্ন প্রয়োজন | V10: =IFERROR(IF($D10="","",IF(COUNT($G10:$N10)=0,"No marks",IF(SUMPRODUCT(--($G$4:$N$4<=0),--ISNUMBER($G10:$N10))>0,"Extra subject mark",IF(SUMPRODUCT(--($G$4:$N$4>0),--ISNUMBER($G10:$N10))<COUNTIF($G$4:$N$4,">0"),"Missing marks",IF(SUMPRODUCT(--($G$4:$N$4>0),--ISNUMBER($G10:$N10),--IFERROR($G10:$N10>$G$4:$N$4,FALSE()))>0,"Mark exceeds full mark",IF($S10="Setup Required","Settings issue","OK")))))),"Input error") -> OK
A11: 6 | B11: 6 | C11: =IFERROR(IF(OR($D11="",NOT(ISNUMBER($P11)),$S11<>"Passed"),"",COUNTIFS($P$6:$P$45,">"&$P11,$S$6:$S$45,"Passed")+1),"") | D11: আব্দুর রহিম | G11: 12 | H11: 27 | I11: 29 | O11: =IFERROR(IF(COUNT($G11:$N11)=0,"",SUMIF($G$4:$N$4,">0",$G11:$N11)),"") -> 68 | P11: =IFERROR(IF($O11="","",IF(SUMIF($G$4:$N$4,">0",$G$4:$N$4)<=0,"",ROUND($O11/SUMIF($G$4:$N$4,">0",$G$4:$N$4)*100,2))),"") -> 45.33 | Q11: =IFERROR(IF($P11="","",IF($S11="Fail",0,IF($S11="Passed",VLOOKUP($P11,Settings!$A$16:$C$22,3,TRUE()),""))),"") -> 0 | R11: =IFERROR(IF($P11="","",IF($S11="Fail","F",IF($S11="Passed",VLOOKUP($P11,Settings!$A$16:$B$22,2,TRUE()),""))),"") -> F | S11: =IFERROR(IF(COUNT($G11:$N11)=0,"",IF(OR(SUMIF($G$4:$N$4,">0",$G$4:$N$4)<=0,Settings!$K$27<=0),"Setup Required",IF(SUMPRODUCT(--($G$4:$N$4>0),--ISNUMBER($G11:$N11))<COUNTIF($G$4:$N$4,">0"),"Incomplete",IF(SUMPRODUCT(--($G$4:$N$4>0),--ISNUMBER($G11:$N11),--IFERROR($G11:$N11<$G$4:$N$4*Settings!$K$27/100,FALSE()))>0,"Fail","Passed")))),"Input Error") -> Fail | T11: 89 | U11: =IFERROR(IF($D11="","",IF($S11="","",IF($S11="Incomplete","Marks incomplete",IF($S11="Setup Required","Check Settings",IF($S11="Fail","উন্নতির জন্য বিশেষ যত্ন প্রয়োজন",VLOOKUP($P11,Settings!$A$16:$E$22,5,TRUE())))))),"") -> উন্নতির জন্য বিশেষ যত্ন প্রয়োজন | V11: =IFERROR(IF($D11="","",IF(COUNT($G11:$N11)=0,"No marks",IF(SUMPRODUCT(--($G$4:$N$4<=0),--ISNUMBER($G11:$N11))>0,"Extra subject mark",IF(SUMPRODUCT(--($G$4:$N$4>0),--ISNUMBER($G11:$N11))<COUNTIF($G$4:$N$4,">0"),"Missing marks",IF(SUMPRODUCT(--($G$4:$N$4>0),--ISNUMBER($G11:$N11),--IFERROR($G11:$N11>$G$4:$N$4,FALSE()))>0,"Mark exceeds full mark",IF($S11="Setup Required","Settings issue","OK")))))),"Input error") -> OK
A12: 7 | B12: 7 | C12: =IFERROR(IF(OR($D12="",NOT(ISNUMBER($P12)),$S12<>"Passed"),"",COUNTIFS($P$6:$P$45,">"&$P12,$S$6:$S$45,"Passed")+1),"") -> 13 | D12: মোস্তাকিম | G12: 24 | H12: 28 | I12: 32 | O12: =IFERROR(IF(COUNT($G12:$N12)=0,"",SUMIF($G$4:$N$4,">0",$G12:$N12)),"") -> 84 | P12: =IFERROR(IF($O12="","",IF(SUMIF($G$4:$N$4,">0",$G$4:$N$4)<=0,"",ROUND($O12/SUMIF($G$4:$N$4,">0",$G$4:$N$4)*100,2))),"") -> 56 | Q12: =IFERROR(IF($P12="","",IF($S12="Fail",0,IF($S12="Passed",VLOOKUP($P12,Settings!$A$16:$C$22,3,TRUE()),""))),"") -> 3 | R12: =IFERROR(IF($P12="","",IF($S12="Fail","F",IF($S12="Passed",VLOOKUP($P12,Settings!$A$16:$B$22,2,TRUE()),""))),"") -> B | S12: =IFERROR(IF(COUNT($G12:$N12)=0,"",IF(OR(SUMIF($G$4:$N$4,">0",$G$4:$N$4)<=0,Settings!$K$27<=0),"Setup Required",IF(SUMPRODUCT(--($G$4:$N$4>0),--ISNUMBER($G12:$N12))<COUNTIF($G$4:$N$4,">0"),"Incomplete",IF(SUMPRODUCT(--($G$4:$N$4>0),--ISNUMBER($G12:$N12),--IFERROR($G12:$N12<$G$4:$N$4*Settings!$K$27/100,FALSE()))>0,"Fail","Passed")))),"Input Error") -> Passed | T12: 94 | U12: =IFERROR(IF($D12="","",IF($S12="","",IF($S12="Incomplete","Marks incomplete",IF($S12="Setup Required","Check Settings",IF($S12="Fail","উন্নতির জন্য বিশেষ যত্ন প্রয়োজন",VLOOKUP($P12,Settings!$A$16:$E$22,5,TRUE())))))),"") -> ভালো | V12: =IFERROR(IF($D12="","",IF(COUNT($G12:$N12)=0,"No marks",IF(SUMPRODUCT(--($G$4:$N$4<=0),--ISNUMBER($G12:$N12))>0,"Extra subject mark",IF(SUMPRODUCT(--($G$4:$N$4>0),--ISNUMBER($G12:$N12))<COUNTIF($G$4:$N$4,">0"),"Missing marks",IF(SUMPRODUCT(--($G$4:$N$4>0),--ISNUMBER($G12:$N12),--IFERROR($G12:$N12>$G$4:$N$4,FALSE()))>0,"Mark exceeds full mark",IF($S12="Setup Required","Settings issue","OK")))))),"Input error") -> OK
A13: 8 | B13: 8 | C13: =IFERROR(IF(OR($D13="",NOT(ISNUMBER($P13)),$S13<>"Passed"),"",COUNTIFS($P$6:$P$45,">"&$P13,$S$6:$S$45,"Passed")+1),"") | D13: সাব্বির | G13: 7 | H13: 29 | I13: 21 | O13: =IFERROR(IF(COUNT($G13:$N13)=0,"",SUMIF($G$4:$N$4,">0",$G13:$N13)),"") -> 57 | P13: =IFERROR(IF($O13="","",IF(SUMIF($G$4:$N$4,">0",$G$4:$N$4)<=0,"",ROUND($O13/SUMIF($G$4:$N$4,">0",$G$4:$N$4)*100,2))),"") -> 38 | Q13: =IFERROR(IF($P13="","",IF($S13="Fail",0,IF($S13="Passed",VLOOKUP($P13,Settings!$A$16:$C$22,3,TRUE()),""))),"") -> 0 | R13: =IFERROR(IF($P13="","",IF($S13="Fail","F",IF($S13="Passed",VLOOKUP($P13,Settings!$A$16:$B$22,2,TRUE()),""))),"") -> F | S13: =IFERROR(IF(COUNT($G13:$N13)=0,"",IF(OR(SUMIF($G$4:$N$4,">0",$G$4:$N$4)<=0,Settings!$K$27<=0),"Setup Required",IF(SUMPRODUCT(--($G$4:$N$4>0),--ISNUMBER($G13:$N13))<COUNTIF($G$4:$N$4,">0"),"Incomplete",IF(SUMPRODUCT(--($G$4:$N$4>0),--ISNUMBER($G13:$N13),--IFERROR($G13:$N13<$G$4:$N$4*Settings!$K$27/100,FALSE()))>0,"Fail","Passed")))),"Input Error") -> Fail | T13: 89 | U13: =IFERROR(IF($D13="","",IF($S13="","",IF($S13="Incomplete","Marks incomplete",IF($S13="Setup Required","Check Settings",IF($S13="Fail","উন্নতির জন্য বিশেষ যত্ন প্রয়োজন",VLOOKUP($P13,Settings!$A$16:$E$22,5,TRUE())))))),"") -> উন্নতির জন্য বিশেষ যত্ন প্রয়োজন | V13: =IFERROR(IF($D13="","",IF(COUNT($G13:$N13)=0,"No marks",IF(SUMPRODUCT(--($G$4:$N$4<=0),--ISNUMBER($G13:$N13))>0,"Extra subject mark",IF(SUMPRODUCT(--($G$4:$N$4>0),--ISNUMBER($G13:$N13))<COUNTIF($G$4:$N$4,">0"),"Missing marks",IF(SUMPRODUCT(--($G$4:$N$4>0),--ISNUMBER($G13:$N13),--IFERROR($G13:$N13>$G$4:$N$4,FALSE()))>0,"Mark exceeds full mark",IF($S13="Setup Required","Settings issue","OK")))))),"Input error") -> OK
A14: 9 | B14: 9 | C14: =IFERROR(IF(OR($D14="",NOT(ISNUMBER($P14)),$S14<>"Passed"),"",COUNTIFS($P$6:$P$45,">"&$P14,$S$6:$S$45,"Passed")+1),"") -> 15 | D14: আব্দুর রহমান | G14: 21 | H14: 26 | I14: 33 | O14: =IFERROR(IF(COUNT($G14:$N14)=0,"",SUMIF($G$4:$N$4,">0",$G14:$N14)),"") -> 80 | P14: =IFERROR(IF($O14="","",IF(SUMIF($G$4:$N$4,">0",$G$4:$N$4)<=0,"",ROUND($O14/SUMIF($G$4:$N$4,">0",$G$4:$N$4)*100,2))),"") -> 53.33 | Q14: =IFERROR(IF($P14="","",IF($S14="Fail",0,IF($S14="Passed",VLOOKUP($P14,Settings!$A$16:$C$22,3,TRUE()),""))),"") -> 3 | R14: =IFERROR(IF($P14="","",IF($S14="Fail","F",IF($S14="Passed",VLOOKUP($P14,Settings!$A$16:$B$22,2,TRUE()),""))),"") -> B | S14: =IFERROR(IF(COUNT($G14:$N14)=0,"",IF(OR(SUMIF($G$4:$N$4,">0",$G$4:$N$4)<=0,Settings!$K$27<=0),"Setup Required",IF(SUMPRODUCT(--($G$4:$N$4>0),--ISNUMBER($G14:$N14))<COUNTIF($G$4:$N$4,">0"),"Incomplete",IF(SUMPRODUCT(--($G$4:$N$4>0),--ISNUMBER($G14:$N14),--IFERROR($G14:$N14<$G$4:$N$4*Settings!$K$27/100,FALSE()))>0,"Fail","Passed")))),"Input Error") -> Passed | T14: 91 | U14: =IFERROR(IF($D14="","",IF($S14="","",IF($S14="Incomplete","Marks incomplete",IF($S14="Setup Required","Check Settings",IF($S14="Fail","উন্নতির জন্য বিশেষ যত্ন প্রয়োজন",VLOOKUP($P14,Settings!$A$16:$E$22,5,TRUE())))))),"") -> ভালো | V14: =IFERROR(IF($D14="","",IF(COUNT($G14:$N14)=0,"No marks",IF(SUMPRODUCT(--($G$4:$N$4<=0),--ISNUMBER($G14:$N14))>0,"Extra subject mark",IF(SUMPRODUCT(--($G$4:$N$4>0),--ISNUMBER($G14:$N14))<COUNTIF($G$4:$N$4,">0"),"Missing marks",IF(SUMPRODUCT(--($G$4:$N$4>0),--ISNUMBER($G14:$N14),--IFERROR($G14:$N14>$G$4:$N$4,FALSE()))>0,"Mark exceeds full mark",IF($S14="Setup Required","Settings issue","OK")))))),"Input error") -> OK
A15: 10 | B15: 10 | C15: =IFERROR(IF(OR($D15="",NOT(ISNUMBER($P15)),$S15<>"Passed"),"",COUNTIFS($P$6:$P$45,">"&$P15,$S$6:$S$45,"Passed")+1),"") -> 1 | D15: মোহনা | G15: 45 | H15: 36 | I15: 50 | O15: =IFERROR(IF(COUNT($G15:$N15)=0,"",SUMIF($G$4:$N$4,">0",$G15:$N15)),"") -> 131 | P15: =IFERROR(IF($O15="","",IF(SUMIF($G$4:$N$4,">0",$G$4:$N$4)<=0,"",ROUND($O15/SUMIF($G$4:$N$4,">0",$G$4:$N$4)*100,2))),"") -> 87.33 | Q15: =IFERROR(IF($P15="","",IF($S15="Fail",0,IF($S15="Passed",VLOOKUP($P15,Settings!$A$16:$C$22,3,TRUE()),""))),"") -> 5 | R15: =IFERROR(IF($P15="","",IF($S15="Fail","F",IF($S15="Passed",VLOOKUP($P15,Settings!$A$16:$B$22,2,TRUE()),""))),"") -> A+ | S15: =IFERROR(IF(COUNT($G15:$N15)=0,"",IF(OR(SUMIF($G$4:$N$4,">0",$G$4:$N$4)<=0,Settings!$K$27<=0),"Setup Required",IF(SUMPRODUCT(--($G$4:$N$4>0),--ISNUMBER($G15:$N15))<COUNTIF($G$4:$N$4,">0"),"Incomplete",IF(SUMPRODUCT(--($G$4:$N$4>0),--ISNUMBER($G15:$N15),--IFERROR($G15:$N15<$G$4:$N$4*Settings!$K$27/100,FALSE()))>0,"Fail","Passed")))),"Input Error") -> Passed | T15: 92 | U15: =IFERROR(IF($D15="","",IF($S15="","",IF($S15="Incomplete","Marks incomplete",IF($S15="Setup Required","Check Settings",IF($S15="Fail","উন্নতির জন্য বিশেষ যত্ন প্রয়োজন",VLOOKUP($P15,Settings!$A$16:$E$22,5,TRUE())))))),"") -> অসাধারণ | V15: =IFERROR(IF($D15="","",IF(COUNT($G15:$N15)=0,"No marks",IF(SUMPRODUCT(--($G$4:$N$4<=0),--ISNUMBER($G15:$N15))>0,"Extra subject mark",IF(SUMPRODUCT(--($G$4:$N$4>0),--ISNUMBER($G15:$N15))<COUNTIF($G$4:$N$4,">0"),"Missing marks",IF(SUMPRODUCT(--($G$4:$N$4>0),--ISNUMBER($G15:$N15),--IFERROR($G15:$N15>$G$4:$N$4,FALSE()))>0,"Mark exceeds full mark",IF($S15="Setup Required","Settings issue","OK")))))),"Input error") -> OK
A16: 11 | B16: 11 | C16: =IFERROR(IF(OR($D16="",NOT(ISNUMBER($P16)),$S16<>"Passed"),"",COUNTIFS($P$6:$P$45,">"&$P16,$S$6:$S$45,"Passed")+1),"") -> 4 | D16: লিজা মুনি | G16: 38 | H16: 37 | I16: 43 | O16: =IFERROR(IF(COUNT($G16:$N16)=0,"",SUMIF($G$4:$N$4,">0",$G16:$N16)),"") -> 118 | P16: =IFERROR(IF($O16="","",IF(SUMIF($G$4:$N$4,">0",$G$4:$N$4)<=0,"",ROUND($O16/SUMIF($G$4:$N$4,">0",$G$4:$N$4)*100,2))),"") -> 78.67 | Q16: =IFERROR(IF($P16="","",IF($S16="Fail",0,IF($S16="Passed",VLOOKUP($P16,Settings!$A$16:$C$22,3,TRUE()),""))),"") -> 4 | R16: =IFERROR(IF($P16="","",IF($S16="Fail","F",IF($S16="Passed",VLOOKUP($P16,Settings!$A$16:$B$22,2,TRUE()),""))),"") -> A | S16: =IFERROR(IF(COUNT($G16:$N16)=0,"",IF(OR(SUMIF($G$4:$N$4,">0",$G$4:$N$4)<=0,Settings!$K$27<=0),"Setup Required",IF(SUMPRODUCT(--($G$4:$N$4>0),--ISNUMBER($G16:$N16))<COUNTIF($G$4:$N$4,">0"),"Incomplete",IF(SUMPRODUCT(--($G$4:$N$4>0),--ISNUMBER($G16:$N16),--IFERROR($G16:$N16<$G$4:$N$4*Settings!$K$27/100,FALSE()))>0,"Fail","Passed")))),"Input Error") -> Passed | T16: 90 | U16: =IFERROR(IF($D16="","",IF($S16="","",IF($S16="Incomplete","Marks incomplete",IF($S16="Setup Required","Check Settings",IF($S16="Fail","উন্নতির জন্য বিশেষ যত্ন প্রয়োজন",VLOOKUP($P16,Settings!$A$16:$E$22,5,TRUE())))))),"") -> চমৎকার | V16: =IFERROR(IF($D16="","",IF(COUNT($G16:$N16)=0,"No marks",IF(SUMPRODUCT(--($G$4:$N$4<=0),--ISNUMBER($G16:$N16))>0,"Extra subject mark",IF(SUMPRODUCT(--($G$4:$N$4>0),--ISNUMBER($G16:$N16))<COUNTIF($G$4:$N$4,">0"),"Missing marks",IF(SUMPRODUCT(--($G$4:$N$4>0),--ISNUMBER($G16:$N16),--IFERROR($G16:$N16>$G$4:$N$4,FALSE()))>0,"Mark exceeds full mark",IF($S16="Setup Required","Settings issue","OK")))))),"Input error") -> OK
A17: 12 | B17: 12 | C17: =IFERROR(IF(OR($D17="",NOT(ISNUMBER($P17)),$S17<>"Passed"),"",COUNTIFS($P$6:$P$45,">"&$P17,$S$6:$S$45,"Passed")+1),"") -> 7 | D17: আয়েশা | G17: 33 | H17: 30 | I17: 42 | O17: =IFERROR(IF(COUNT($G17:$N17)=0,"",SUMIF($G$4:$N$4,">0",$G17:$N17)),"") -> 105 | P17: =IFERROR(IF($O17="","",IF(SUMIF($G$4:$N$4,">0",$G$4:$N$4)<=0,"",ROUND($O17/SUMIF($G$4:$N$4,">0",$G$4:$N$4)*100,2))),"") -> 70 | Q17: =IFERROR(IF($P17="","",IF($S17="Fail",0,IF($S17="Passed",VLOOKUP($P17,Settings!$A$16:$C$22,3,TRUE()),""))),"") -> 4 | R17: =IFERROR(IF($P17="","",IF($S17="Fail","F",IF($S17="Passed",VLOOKUP($P17,Settings!$A$16:$B$22,2,TRUE()),""))),"") -> A | S17: =IFERROR(IF(COUNT($G17:$N17)=0,"",IF(OR(SUMIF($G$4:$N$4,">0",$G$4:$N$4)<=0,Settings!$K$27<=0),"Setup Required",IF(SUMPRODUCT(--($G$4:$N$4>0),--ISNUMBER($G17:$N17))<COUNTIF($G$4:$N$4,">0"),"Incomplete",IF(SUMPRODUCT(--($G$4:$N$4>0),--ISNUMBER($G17:$N17),--IFERROR($G17:$N17<$G$4:$N$4*Settings!$K$27/100,FALSE()))>0,"Fail","Passed")))),"Input Error") -> Passed | T17: 87 | U17: =IFERROR(IF($D17="","",IF($S17="","",IF($S17="Incomplete","Marks incomplete",IF($S17="Setup Required","Check Settings",IF($S17="Fail","উন্নতির জন্য বিশেষ যত্ন প্রয়োজন",VLOOKUP($P17,Settings!$A$16:$E$22,5,TRUE())))))),"") -> চমৎকার | V17: =IFERROR(IF($D17="","",IF(COUNT($G17:$N17)=0,"No marks",IF(SUMPRODUCT(--($G$4:$N$4<=0),--ISNUMBER($G17:$N17))>0,"Extra subject mark",IF(SUMPRODUCT(--($G$4:$N$4>0),--ISNUMBER($G17:$N17))<COUNTIF($G$4:$N$4,">0"),"Missing marks",IF(SUMPRODUCT(--($G$4:$N$4>0),--ISNUMBER($G17:$N17),--IFERROR($G17:$N17>$G$4:$N$4,FALSE()))>0,"Mark exceeds full mark",IF($S17="Setup Required","Settings issue","OK")))))),"Input error") -> OK
... A27: 22 | B27: 22 | C27: =IFERROR(IF(OR($D27="",NOT(ISNUMBER($P27)),$S27<>"Passed"),"",COUNTIFS($P$6:$P$45,">"&$P27,$S$6:$S$45,"Passed")+1),"") -> 16 | D27: আহাদ বাবু | G27: 24 | H27: 26 | I27: 22 | O27: =IFERROR(IF(COUNT($G27:$N27)=0,"",SUMIF($G$4:$N$4,">0",$G27:$N27)),"") -> 72 | P27: =IFERROR(IF($O27="","",IF(SUMIF($G$4:$N$4,">0",$G$4:$N$4)<=0,"",ROUND($O27/SUMIF($G$4:$N$4,">0",$G$4:$N$4)*100,2))),"") -> 48 | Q27: =IFERROR(IF($P27="","",IF($S27="Fail",0,IF($S27="Passed",VLOOKUP($P27,Settings!$A$16:$C$22,3,TRUE()),""))),"") -> 2 | R27: =IFERROR(IF($P27="","",IF($S27="Fail","F",IF($S27="Passed",VLOOKUP($P27,Settings!$A$16:$B$22,2,TRUE()),""))),"") -> C | S27: =IFERROR(IF(COUNT($G27:$N27)=0,"",IF(OR(SUMIF($G$4:$N$4,">0",$G$4:$N$4)<=0,Settings!$K$27<=0),"Setup Required",IF(SUMPRODUCT(--($G$4:$N$4>0),--ISNUMBER($G27:$N27))<COUNTIF($G$4:$N$4,">0"),"Incomplete",IF(SUMPRODUCT(--($G$4:$N$4>0),--ISNUMBER($G27:$N27),--IFERROR($G27:$N27<$G$4:$N$4*Settings!$K$27/100,FALSE()))>0,"Fail","Passed")))),"Input Error") -> Passed | T27: 91 | U27: =IFERROR(IF($D27="","",IF($S27="","",IF($S27="Incomplete","Marks incomplete",IF($S27="Setup Required","Check Settings",IF($S27="Fail","উন্নতির জন্য বিশেষ যত্ন প্রয়োজন",VLOOKUP($P27,Settings!$A$16:$E$22,5,TRUE())))))),"") -> সন্তোষজনক | V27: =IFERROR(IF($D27="","",IF(COUNT($G27:$N27)=0,"No marks",IF(SUMPRODUCT(--($G$4:$N$4<=0),--ISNUMBER($G27:$N27))>0,"Extra subject mark",IF(SUMPRODUCT(--($G$4:$N$4>0),--ISNUMBER($G27:$N27))<COUNTIF($G$4:$N$4,">0"),"Missing marks",IF(SUMPRODUCT(--($G$4:$N$4>0),--ISNUMBER($G27:$N27),--IFERROR($G27:$N27>$G$4:$N$4,FALSE()))>0,"Mark exceeds full mark",IF($S27="Setup Required","Settings issue","OK")))))),"Input error") -> OK
A28: 23 | B28: 23 | C28: =IFERROR(IF(OR($D28="",NOT(ISNUMBER($P28)),$S28<>"Passed"),"",COUNTIFS($P$6:$P$45,">"&$P28,$S$6:$S$45,"Passed")+1),"") | O28: =IFERROR(IF(COUNT($G28:$N28)=0,"",SUMIF($G$4:$N$4,">0",$G28:$N28)),"") | P28: =IFERROR(IF($O28="","",IF(SUMIF($G$4:$N$4,">0",$G$4:$N$4)<=0,"",ROUND($O28/SUMIF($G$4:$N$4,">0",$G$4:$N$4)*100,2))),"") | Q28: =IFERROR(IF($P28="","",IF($S28="Fail",0,IF($S28="Passed",VLOOKUP($P28,Settings!$A$16:$C$22,3,TRUE()),""))),"") | R28: =IFERROR(IF($P28="","",IF($S28="Fail","F",IF($S28="Passed",VLOOKUP($P28,Settings!$A$16:$B$22,2,TRUE()),""))),"") | S28: =IFERROR(IF(COUNT($G28:$N28)=0,"",IF(OR(SUMIF($G$4:$N$4,">0",$G$4:$N$4)<=0,Settings!$K$27<=0),"Setup Required",IF(SUMPRODUCT(--($G$4:$N$4>0),--ISNUMBER($G28:$N28))<COUNTIF($G$4:$N$4,">0"),"Incomplete",IF(SUMPRODUCT(--($G$4:$N$4>0),--ISNUMBER($G28:$N28),--IFERROR($G28:$N28<$G$4:$N$4*Settings!$K$27/100,FALSE()))>0,"Fail","Passed")))),"Input Error") | U28: =IFERROR(IF($D28="","",IF($S28="","",IF($S28="Incomplete","Marks incomplete",IF($S28="Setup Required","Check Settings",IF($S28="Fail","উন্নতির জন্য বিশেষ যত্ন প্রয়োজন",VLOOKUP($P28,Settings!$A$16:$E$22,5,TRUE())))))),"") | V28: =IFERROR(IF($D28="","",IF(COUNT($G28:$N28)=0,"No marks",IF(SUMPRODUCT(--($G$4:$N$4<=0),--ISNUMBER($G28:$N28))>0,"Extra subject mark",IF(SUMPRODUCT(--($G$4:$N$4>0),--ISNUMBER($G28:$N28))<COUNTIF($G$4:$N$4,">0"),"Missing marks",IF(SUMPRODUCT(--($G$4:$N$4>0),--ISNUMBER($G28:$N28),--IFERROR($G28:$N28>$G$4:$N$4,FALSE()))>0,"Mark exceeds full mark",IF($S28="Setup Required","Settings issue","OK")))))),"Input error")
A29: 24 | B29: 24 | C29: =IFERROR(IF(OR($D29="",NOT(ISNUMBER($P29)),$S29<>"Passed"),"",COUNTIFS($P$6:$P$45,">"&$P29,$S$6:$S$45,"Passed")+1),"") | O29: =IFERROR(IF(COUNT($G29:$N29)=0,"",SUMIF($G$4:$N$4,">0",$G29:$N29)),"") | P29: =IFERROR(IF($O29="","",IF(SUMIF($G$4:$N$4,">0",$G$4:$N$4)<=0,"",ROUND($O29/SUMIF($G$4:$N$4,">0",$G$4:$N$4)*100,2))),"") | Q29: =IFERROR(IF($P29="","",IF($S29="Fail",0,IF($S29="Passed",VLOOKUP($P29,Settings!$A$16:$C$22,3,TRUE()),""))),"") | R29: =IFERROR(IF($P29="","",IF($S29="Fail","F",IF($S29="Passed",VLOOKUP($P29,Settings!$A$16:$B$22,2,TRUE()),""))),"") | S29: =IFERROR(IF(COUNT($G29:$N29)=0,"",IF(OR(SUMIF($G$4:$N$4,">0",$G$4:$N$4)<=0,Settings!$K$27<=0),"Setup Required",IF(SUMPRODUCT(--($G$4:$N$4>0),--ISNUMBER($G29:$N29))<COUNTIF($G$4:$N$4,">0"),"Incomplete",IF(SUMPRODUCT(--($G$4:$N$4>0),--ISNUMBER($G29:$N29),--IFERROR($G29:$N29<$G$4:$N$4*Settings!$K$27/100,FALSE()))>0,"Fail","Passed")))),"Input Error") | U29: =IFERROR(IF($D29="","",IF($S29="","",IF($S29="Incomplete","Marks incomplete",IF($S29="Setup Required","Check Settings",IF($S29="Fail","উন্নতির জন্য বিশেষ যত্ন প্রয়োজন",VLOOKUP($P29,Settings!$A$16:$E$22,5,TRUE())))))),"") | V29: =IFERROR(IF($D29="","",IF(COUNT($G29:$N29)=0,"No marks",IF(SUMPRODUCT(--($G$4:$N$4<=0),--ISNUMBER($G29:$N29))>0,"Extra subject mark",IF(SUMPRODUCT(--($G$4:$N$4>0),--ISNUMBER($G29:$N29))<COUNTIF($G$4:$N$4,">0"),"Missing marks",IF(SUMPRODUCT(--($G$4:$N$4>0),--ISNUMBER($G29:$N29),--IFERROR($G29:$N29>$G$4:$N$4,FALSE()))>0,"Mark exceeds full mark",IF($S29="Setup Required","Settings issue","OK")))))),"Input error")
A30: 25 | B30: 25 | C30: =IFERROR(IF(OR($D30="",NOT(ISNUMBER($P30)),$S30<>"Passed"),"",COUNTIFS($P$6:$P$45,">"&$P30,$S$6:$S$45,"Passed")+1),"") | O30: =IFERROR(IF(COUNT($G30:$N30)=0,"",SUMIF($G$4:$N$4,">0",$G30:$N30)),"") | P30: =IFERROR(IF($O30="","",IF(SUMIF($G$4:$N$4,">0",$G$4:$N$4)<=0,"",ROUND($O30/SUMIF($G$4:$N$4,">0",$G$4:$N$4)*100,2))),"") | Q30: =IFERROR(IF($P30="","",IF($S30="Fail",0,IF($S30="Passed",VLOOKUP($P30,Settings!$A$16:$C$22,3,TRUE()),""))),"") | R30: =IFERROR(IF($P30="","",IF($S30="Fail","F",IF($S30="Passed",VLOOKUP($P30,Settings!$A$16:$B$22,2,TRUE()),""))),"") | S30: =IFERROR(IF(COUNT($G30:$N30)=0,"",IF(OR(SUMIF($G$4:$N$4,">0",$G$4:$N$4)<=0,Settings!$K$27<=0),"Setup Required",IF(SUMPRODUCT(--($G$4:$N$4>0),--ISNUMBER($G30:$N30))<COUNTIF($G$4:$N$4,">0"),"Incomplete",IF(SUMPRODUCT(--($G$4:$N$4>0),--ISNUMBER($G30:$N30),--IFERROR($G30:$N30<$G$4:$N$4*Settings!$K$27/100,FALSE()))>0,"Fail","Passed")))),"Input Error") | U30: =IFERROR(IF($D30="","",IF($S30="","",IF($S30="Incomplete","Marks incomplete",IF($S30="Setup Required","Check Settings",IF($S30="Fail","উন্নতির জন্য বিশেষ যত্ন প্রয়োজন",VLOOKUP($P30,Settings!$A$16:$E$22,5,TRUE())))))),"") | V30: =IFERROR(IF($D30="","",IF(COUNT($G30:$N30)=0,"No marks",IF(SUMPRODUCT(--($G$4:$N$4<=0),--ISNUMBER($G30:$N30))>0,"Extra subject mark",IF(SUMPRODUCT(--($G$4:$N$4>0),--ISNUMBER($G30:$N30))<COUNTIF($G$4:$N$4,">0"),"Missing marks",IF(SUMPRODUCT(--($G$4:$N$4>0),--ISNUMBER($G30:$N30),--IFERROR($G30:$N30>$G$4:$N$4,FALSE()))>0,"Mark exceeds full mark",IF($S30="Setup Required","Settings issue","OK")))))),"Input error")
A31: 26 | B31: 26 | C31: =IFERROR(IF(OR($D31="",NOT(ISNUMBER($P31)),$S31<>"Passed"),"",COUNTIFS($P$6:$P$45,">"&$P31,$S$6:$S$45,"Passed")+1),"") | O31: =IFERROR(IF(COUNT($G31:$N31)=0,"",SUMIF($G$4:$N$4,">0",$G31:$N31)),"") | P31: =IFERROR(IF($O31="","",IF(SUMIF($G$4:$N$4,">0",$G$4:$N$4)<=0,"",ROUND($O31/SUMIF($G$4:$N$4,">0",$G$4:$N$4)*100,2))),"") | Q31: =IFERROR(IF($P31="","",IF($S31="Fail",0,IF($S31="Passed",VLOOKUP($P31,Settings!$A$16:$C$22,3,TRUE()),""))),"") | R31: =IFERROR(IF($P31="","",IF($S31="Fail","F",IF($S31="Passed",VLOOKUP($P31,Settings!$A$16:$B$22,2,TRUE()),""))),"") | S31: =IFERROR(IF(COUNT($G31:$N31)=0,"",IF(OR(SUMIF($G$4:$N$4,">0",$G$4:$N$4)<=0,Settings!$K$27<=0),"Setup Required",IF(SUMPRODUCT(--($G$4:$N$4>0),--ISNUMBER($G31:$N31))<COUNTIF($G$4:$N$4,">0"),"Incomplete",IF(SUMPRODUCT(--($G$4:$N$4>0),--ISNUMBER($G31:$N31),--IFERROR($G31:$N31<$G$4:$N$4*Settings!$K$27/100,FALSE()))>0,"Fail","Passed")))),"Input Error") | U31: =IFERROR(IF($D31="","",IF($S31="","",IF($S31="Incomplete","Marks incomplete",IF($S31="Setup Required","Check Settings",IF($S31="Fail","উন্নতির জন্য বিশেষ যত্ন প্রয়োজন",VLOOKUP($P31,Settings!$A$16:$E$22,5,TRUE())))))),"") | V31: =IFERROR(IF($D31="","",IF(COUNT($G31:$N31)=0,"No marks",IF(SUMPRODUCT(--($G$4:$N$4<=0),--ISNUMBER($G31:$N31))>0,"Extra subject mark",IF(SUMPRODUCT(--($G$4:$N$4>0),--ISNUMBER($G31:$N31))<COUNTIF($G$4:$N$4,">0"),"Missing marks",IF(SUMPRODUCT(--($G$4:$N$4>0),--ISNUMBER($G31:$N31),--IFERROR($G31:$N31>$G$4:$N$4,FALSE()))>0,"Mark exceeds full mark",IF($S31="Setup Required","Settings issue","OK")))))),"Input error")
A32: 27 | B32: 27 | C32: =IFERROR(IF(OR($D32="",NOT(ISNUMBER($P32)),$S32<>"Passed"),"",COUNTIFS($P$6:$P$45,">"&$P32,$S$6:$S$45,"Passed")+1),"") | O32: =IFERROR(IF(COUNT($G32:$N32)=0,"",SUMIF($G$4:$N$4,">0",$G32:$N32)),"") | P32: =IFERROR(IF($O32="","",IF(SUMIF($G$4:$N$4,">0",$G$4:$N$4)<=0,"",ROUND($O32/SUMIF($G$4:$N$4,">0",$G$4:$N$4)*100,2))),"") | Q32: =IFERROR(IF($P32="","",IF($S32="Fail",0,IF($S32="Passed",VLOOKUP($P32,Settings!$A$16:$C$22,3,TRUE()),""))),"") | R32: =IFERROR(IF($P32="","",IF($S32="Fail","F",IF($S32="Passed",VLOOKUP($P32,Settings!$A$16:$B$22,2,TRUE()),""))),"") | S32: =IFERROR(IF(COUNT($G32:$N32)=0,"",IF(OR(SUMIF($G$4:$N$4,">0",$G$4:$N$4)<=0,Settings!$K$27<=0),"Setup Required",IF(SUMPRODUCT(--($G$4:$N$4>0),--ISNUMBER($G32:$N32))<COUNTIF($G$4:$N$4,">0"),"Incomplete",IF(SUMPRODUCT(--($G$4:$N$4>0),--ISNUMBER($G32:$N32),--IFERROR($G32:$N32<$G$4:$N$4*Settings!$K$27/100,FALSE()))>0,"Fail","Passed")))),"Input Error") | U32: =IFERROR(IF($D32="","",IF($S32="","",IF($S32="Incomplete","Marks incomplete",IF($S32="Setup Required","Check Settings",IF($S32="Fail","উন্নতির জন্য বিশেষ যত্ন প্রয়োজন",VLOOKUP($P32,Settings!$A$16:$E$22,5,TRUE())))))),"") | V32: =IFERROR(IF($D32="","",IF(COUNT($G32:$N32)=0,"No marks",IF(SUMPRODUCT(--($G$4:$N$4<=0),--ISNUMBER($G32:$N32))>0,"Extra subject mark",IF(SUMPRODUCT(--($G$4:$N$4>0),--ISNUMBER($G32:$N32))<COUNTIF($G$4:$N$4,">0"),"Missing marks",IF(SUMPRODUCT(--($G$4:$N$4>0),--ISNUMBER($G32:$N32),--IFERROR($G32:$N32>$G$4:$N$4,FALSE()))>0,"Mark exceeds full mark",IF($S32="Setup Required","Settings issue","OK")))))),"Input error")
A33: 28 | B33: 28 | C33: =IFERROR(IF(OR($D33="",NOT(ISNUMBER($P33)),$S33<>"Passed"),"",COUNTIFS($P$6:$P$45,">"&$P33,$S$6:$S$45,"Passed")+1),"") | O33: =IFERROR(IF(COUNT($G33:$N33)=0,"",SUMIF($G$4:$N$4,">0",$G33:$N33)),"") | P33: =IFERROR(IF($O33="","",IF(SUMIF($G$4:$N$4,">0",$G$4:$N$4)<=0,"",ROUND($O33/SUMIF($G$4:$N$4,">0",$G$4:$N$4)*100,2))),"") | Q33: =IFERROR(IF($P33="","",IF($S33="Fail",0,IF($S33="Passed",VLOOKUP($P33,Settings!$A$16:$C$22,3,TRUE()),""))),"") | R33: =IFERROR(IF($P33="","",IF($S33="Fail","F",IF($S33="Passed",VLOOKUP($P33,Settings!$A$16:$B$22,2,TRUE()),""))),"") | S33: =IFERROR(IF(COUNT($G33:$N33)=0,"",IF(OR(SUMIF($G$4:$N$4,">0",$G$4:$N$4)<=0,Settings!$K$27<=0),"Setup Required",IF(SUMPRODUCT(--($G$4:$N$4>0),--ISNUMBER($G33:$N33))<COUNTIF($G$4:$N$4,">0"),"Incomplete",IF(SUMPRODUCT(--($G$4:$N$4>0),--ISNUMBER($G33:$N33),--IFERROR($G33:$N33<$G$4:$N$4*Settings!$K$27/100,FALSE()))>0,"Fail","Passed")))),"Input Error") | U33: =IFERROR(IF($D33="","",IF($S33="","",IF($S33="Incomplete","Marks incomplete",IF($S33="Setup Required","Check Settings",IF($S33="Fail","উন্নতির জন্য বিশেষ যত্ন প্রয়োজন",VLOOKUP($P33,Settings!$A$16:$E$22,5,TRUE())))))),"") | V33: =IFERROR(IF($D33="","",IF(COUNT($G33:$N33)=0,"No marks",IF(SUMPRODUCT(--($G$4:$N$4<=0),--ISNUMBER($G33:$N33))>0,"Extra subject mark",IF(SUMPRODUCT(--($G$4:$N$4>0),--ISNUMBER($G33:$N33))<COUNTIF($G$4:$N$4,">0"),"Missing marks",IF(SUMPRODUCT(--($G$4:$N$4>0),--ISNUMBER($G33:$N33),--IFERROR($G33:$N33>$G$4:$N$4,FALSE()))>0,"Mark exceeds full mark",IF($S33="Setup Required","Settings issue","OK")))))),"Input error")
A34: 29 | B34: 29 | C34: =IFERROR(IF(OR($D34="",NOT(ISNUMBER($P34)),$S34<>"Passed"),"",COUNTIFS($P$6:$P$45,">"&$P34,$S$6:$S$45,"Passed")+1),"") | O34: =IFERROR(IF(COUNT($G34:$N34)=0,"",SUMIF($G$4:$N$4,">0",$G34:$N34)),"") | P34: =IFERROR(IF($O34="","",IF(SUMIF($G$4:$N$4,">0",$G$4:$N$4)<=0,"",ROUND($O34/SUMIF($G$4:$N$4,">0",$G$4:$N$4)*100,2))),"") | Q34: =IFERROR(IF($P34="","",IF($S34="Fail",0,IF($S34="Passed",VLOOKUP($P34,Settings!$A$16:$C$22,3,TRUE()),""))),"") | R34: =IFERROR(IF($P34="","",IF($S34="Fail","F",IF($S34="Passed",VLOOKUP($P34,Settings!$A$16:$B$22,2,TRUE()),""))),"") | S34: =IFERROR(IF(COUNT($G34:$N34)=0,"",IF(OR(SUMIF($G$4:$N$4,">0",$G$4:$N$4)<=0,Settings!$K$27<=0),"Setup Required",IF(SUMPRODUCT(--($G$4:$N$4>0),--ISNUMBER($G34:$N34))<COUNTIF($G$4:$N$4,">0"),"Incomplete",IF(SUMPRODUCT(--($G$4:$N$4>0),--ISNUMBER($G34:$N34),--IFERROR($G34:$N34<$G$4:$N$4*Settings!$K$27/100,FALSE()))>0,"Fail","Passed")))),"Input Error") | U34: =IFERROR(IF($D34="","",IF($S34="","",IF($S34="Incomplete","Marks incomplete",IF($S34="Setup Required","Check Settings",IF($S34="Fail","উন্নতির জন্য বিশেষ যত্ন প্রয়োজন",VLOOKUP($P34,Settings!$A$16:$E$22,5,TRUE())))))),"") | V34: =IFERROR(IF($D34="","",IF(COUNT($G34:$N34)=0,"No marks",IF(SUMPRODUCT(--($G$4:$N$4<=0),--ISNUMBER($G34:$N34))>0,"Extra subject mark",IF(SUMPRODUCT(--($G$4:$N$4>0),--ISNUMBER($G34:$N34))<COUNTIF($G$4:$N$4,">0"),"Missing marks",IF(SUMPRODUCT(--($G$4:$N$4>0),--ISNUMBER($G34:$N34),--IFERROR($G34:$N34>$G$4:$N$4,FALSE()))>0,"Mark exceeds full mark",IF($S34="Setup Required","Settings issue","OK")))))),"Input error")
A35: 30 | B35: 30 | C35: =IFERROR(IF(OR($D35="",NOT(ISNUMBER($P35)),$S35<>"Passed"),"",COUNTIFS($P$6:$P$45,">"&$P35,$S$6:$S$45,"Passed")+1),"") | O35: =IFERROR(IF(COUNT($G35:$N35)=0,"",SUMIF($G$4:$N$4,">0",$G35:$N35)),"") | P35: =IFERROR(IF($O35="","",IF(SUMIF($G$4:$N$4,">0",$G$4:$N$4)<=0,"",ROUND($O35/SUMIF($G$4:$N$4,">0",$G$4:$N$4)*100,2))),"") | Q35: =IFERROR(IF($P35="","",IF($S35="Fail",0,IF($S35="Passed",VLOOKUP($P35,Settings!$A$16:$C$22,3,TRUE()),""))),"") | R35: =IFERROR(IF($P35="","",IF($S35="Fail","F",IF($S35="Passed",VLOOKUP($P35,Settings!$A$16:$B$22,2,TRUE()),""))),"") | S35: =IFERROR(IF(COUNT($G35:$N35)=0,"",IF(OR(SUMIF($G$4:$N$4,">0",$G$4:$N$4)<=0,Settings!$K$27<=0),"Setup Required",IF(SUMPRODUCT(--($G$4:$N$4>0),--ISNUMBER($G35:$N35))<COUNTIF($G$4:$N$4,">0"),"Incomplete",IF(SUMPRODUCT(--($G$4:$N$4>0),--ISNUMBER($G35:$N35),--IFERROR($G35:$N35<$G$4:$N$4*Settings!$K$27/100,FALSE()))>0,"Fail","Passed")))),"Input Error") | U35: =IFERROR(IF($D35="","",IF($S35="","",IF($S35="Incomplete","Marks incomplete",IF($S35="Setup Required","Check Settings",IF($S35="Fail","উন্নতির জন্য বিশেষ যত্ন প্রয়োজন",VLOOKUP($P35,Settings!$A$16:$E$22,5,TRUE())))))),"") | V35: =IFERROR(IF($D35="","",IF(COUNT($G35:$N35)=0,"No marks",IF(SUMPRODUCT(--($G$4:$N$4<=0),--ISNUMBER($G35:$N35))>0,"Extra subject mark",IF(SUMPRODUCT(--($G$4:$N$4>0),--ISNUMBER($G35:$N35))<COUNTIF($G$4:$N$4,">0"),"Missing marks",IF(SUMPRODUCT(--($G$4:$N$4>0),--ISNUMBER($G35:$N35),--IFERROR($G35:$N35>$G$4:$N$4,FALSE()))>0,"Mark exceeds full mark",IF($S35="Setup Required","Settings issue","OK")))))),"Input error")
A36: 31 | B36: 31 | C36: =IFERROR(IF(OR($D36="",NOT(ISNUMBER($P36)),$S36<>"Passed"),"",COUNTIFS($P$6:$P$45,">"&$P36,$S$6:$S$45,"Passed")+1),"") | O36: =IFERROR(IF(COUNT($G36:$N36)=0,"",SUMIF($G$4:$N$4,">0",$G36:$N36)),"") | P36: =IFERROR(IF($O36="","",IF(SUMIF($G$4:$N$4,">0",$G$4:$N$4)<=0,"",ROUND($O36/SUMIF($G$4:$N$4,">0",$G$4:$N$4)*100,2))),"") | Q36: =IFERROR(IF($P36="","",IF($S36="Fail",0,IF($S36="Passed",VLOOKUP($P36,Settings!$A$16:$C$22,3,TRUE()),""))),"") | R36: =IFERROR(IF($P36="","",IF($S36="Fail","F",IF($S36="Passed",VLOOKUP($P36,Settings!$A$16:$B$22,2,TRUE()),""))),"") | S36: =IFERROR(IF(COUNT($G36:$N36)=0,"",IF(OR(SUMIF($G$4:$N$4,">0",$G$4:$N$4)<=0,Settings!$K$27<=0),"Setup Required",IF(SUMPRODUCT(--($G$4:$N$4>0),--ISNUMBER($G36:$N36))<COUNTIF($G$4:$N$4,">0"),"Incomplete",IF(SUMPRODUCT(--($G$4:$N$4>0),--ISNUMBER($G36:$N36),--IFERROR($G36:$N36<$G$4:$N$4*Settings!$K$27/100,FALSE()))>0,"Fail","Passed")))),"Input Error") | U36: =IFERROR(IF($D36="","",IF($S36="","",IF($S36="Incomplete","Marks incomplete",IF($S36="Setup Required","Check Settings",IF($S36="Fail","উন্নতির জন্য বিশেষ যত্ন প্রয়োজন",VLOOKUP($P36,Settings!$A$16:$E$22,5,TRUE())))))),"") | V36: =IFERROR(IF($D36="","",IF(COUNT($G36:$N36)=0,"No marks",IF(SUMPRODUCT(--($G$4:$N$4<=0),--ISNUMBER($G36:$N36))>0,"Extra subject mark",IF(SUMPRODUCT(--($G$4:$N$4>0),--ISNUMBER($G36:$N36))<COUNTIF($G$4:$N$4,">0"),"Missing marks",IF(SUMPRODUCT(--($G$4:$N$4>0),--ISNUMBER($G36:$N36),--IFERROR($G36:$N36>$G$4:$N$4,FALSE()))>0,"Mark exceeds full mark",IF($S36="Setup Required","Settings issue","OK")))))),"Input error")
A37: 32 | B37: 32 | C37: =IFERROR(IF(OR($D37="",NOT(ISNUMBER($P37)),$S37<>"Passed"),"",COUNTIFS($P$6:$P$45,">"&$P37,$S$6:$S$45,"Passed")+1),"") | O37: =IFERROR(IF(COUNT($G37:$N37)=0,"",SUMIF($G$4:$N$4,">0",$G37:$N37)),"") | P37: =IFERROR(IF($O37="","",IF(SUMIF($G$4:$N$4,">0",$G$4:$N$4)<=0,"",ROUND($O37/SUMIF($G$4:$N$4,">0",$G$4:$N$4)*100,2))),"") | Q37: =IFERROR(IF($P37="","",IF($S37="Fail",0,IF($S37="Passed",VLOOKUP($P37,Settings!$A$16:$C$22,3,TRUE()),""))),"") | R37: =IFERROR(IF($P37="","",IF($S37="Fail","F",IF($S37="Passed",VLOOKUP($P37,Settings!$A$16:$B$22,2,TRUE()),""))),"") | S37: =IFERROR(IF(COUNT($G37:$N37)=0,"",IF(OR(SUMIF($G$4:$N$4,">0",$G$4:$N$4)<=0,Settings!$K$27<=0),"Setup Required",IF(SUMPRODUCT(--($G$4:$N$4>0),--ISNUMBER($G37:$N37))<COUNTIF($G$4:$N$4,">0"),"Incomplete",IF(SUMPRODUCT(--($G$4:$N$4>0),--ISNUMBER($G37:$N37),--IFERROR($G37:$N37<$G$4:$N$4*Settings!$K$27/100,FALSE()))>0,"Fail","Passed")))),"Input Error") | U37: =IFERROR(IF($D37="","",IF($S37="","",IF($S37="Incomplete","Marks incomplete",IF($S37="Setup Required","Check Settings",IF($S37="Fail","উন্নতির জন্য বিশেষ যত্ন প্রয়োজন",VLOOKUP($P37,Settings!$A$16:$E$22,5,TRUE())))))),"") | V37: =IFERROR(IF($D37="","",IF(COUNT($G37:$N37)=0,"No marks",IF(SUMPRODUCT(--($G$4:$N$4<=0),--ISNUMBER($G37:$N37))>0,"Extra subject mark",IF(SUMPRODUCT(--($G$4:$N$4>0),--ISNUMBER($G37:$N37))<COUNTIF($G$4:$N$4,">0"),"Missing marks",IF(SUMPRODUCT(--($G$4:$N$4>0),--ISNUMBER($G37:$N37),--IFERROR($G37:$N37>$G$4:$N$4,FALSE()))>0,"Mark exceeds full mark",IF($S37="Setup Required","Settings issue","OK")))))),"Input error")
A38: 33 | B38: 33 | C38: =IFERROR(IF(OR($D38="",NOT(ISNUMBER($P38)),$S38<>"Passed"),"",COUNTIFS($P$6:$P$45,">"&$P38,$S$6:$S$45,"Passed")+1),"") | O38: =IFERROR(IF(COUNT($G38:$N38)=0,"",SUMIF($G$4:$N$4,">0",$G38:$N38)),"") | P38: =IFERROR(IF($O38="","",IF(SUMIF($G$4:$N$4,">0",$G$4:$N$4)<=0,"",ROUND($O38/SUMIF($G$4:$N$4,">0",$G$4:$N$4)*100,2))),"") | Q38: =IFERROR(IF($P38="","",IF($S38="Fail",0,IF($S38="Passed",VLOOKUP($P38,Settings!$A$16:$C$22,3,TRUE()),""))),"") | R38: =IFERROR(IF($P38="","",IF($S38="Fail","F",IF($S38="Passed",VLOOKUP($P38,Settings!$A$16:$B$22,2,TRUE()),""))),"") | S38: =IFERROR(IF(COUNT($G38:$N38)=0,"",IF(OR(SUMIF($G$4:$N$4,">0",$G$4:$N$4)<=0,Settings!$K$27<=0),"Setup Required",IF(SUMPRODUCT(--($G$4:$N$4>0),--ISNUMBER($G38:$N38))<COUNTIF($G$4:$N$4,">0"),"Incomplete",IF(SUMPRODUCT(--($G$4:$N$4>0),--ISNUMBER($G38:$N38),--IFERROR($G38:$N38<$G$4:$N$4*Settings!$K$27/100,FALSE()))>0,"Fail","Passed")))),"Input Error") | U38: =IFERROR(IF($D38="","",IF($S38="","",IF($S38="Incomplete","Marks incomplete",IF($S38="Setup Required","Check Settings",IF($S38="Fail","উন্নতির জন্য বিশেষ যত্ন প্রয়োজন",VLOOKUP($P38,Settings!$A$16:$E$22,5,TRUE())))))),"") | V38: =IFERROR(IF($D38="","",IF(COUNT($G38:$N38)=0,"No marks",IF(SUMPRODUCT(--($G$4:$N$4<=0),--ISNUMBER($G38:$N38))>0,"Extra subject mark",IF(SUMPRODUCT(--($G$4:$N$4>0),--ISNUMBER($G38:$N38))<COUNTIF($G$4:$N$4,">0"),"Missing marks",IF(SUMPRODUCT(--($G$4:$N$4>0),--ISNUMBER($G38:$N38),--IFERROR($G38:$N38>$G$4:$N$4,FALSE()))>0,"Mark exceeds full mark",IF($S38="Setup Required","Settings issue","OK")))))),"Input error")
A39: 34 | B39: 34 | C39: =IFERROR(IF(OR($D39="",NOT(ISNUMBER($P39)),$S39<>"Passed"),"",COUNTIFS($P$6:$P$45,">"&$P39,$S$6:$S$45,"Passed")+1),"") | O39: =IFERROR(IF(COUNT($G39:$N39)=0,"",SUMIF($G$4:$N$4,">0",$G39:$N39)),"") | P39: =IFERROR(IF($O39="","",IF(SUMIF($G$4:$N$4,">0",$G$4:$N$4)<=0,"",ROUND($O39/SUMIF($G$4:$N$4,">0",$G$4:$N$4)*100,2))),"") | Q39: =IFERROR(IF($P39="","",IF($S39="Fail",0,IF($S39="Passed",VLOOKUP($P39,Settings!$A$16:$C$22,3,TRUE()),""))),"") | R39: =IFERROR(IF($P39="","",IF($S39="Fail","F",IF($S39="Passed",VLOOKUP($P39,Settings!$A$16:$B$22,2,TRUE()),""))),"") | S39: =IFERROR(IF(COUNT($G39:$N39)=0,"",IF(OR(SUMIF($G$4:$N$4,">0",$G$4:$N$4)<=0,Settings!$K$27<=0),"Setup Required",IF(SUMPRODUCT(--($G$4:$N$4>0),--ISNUMBER($G39:$N39))<COUNTIF($G$4:$N$4,">0"),"Incomplete",IF(SUMPRODUCT(--($G$4:$N$4>0),--ISNUMBER($G39:$N39),--IFERROR($G39:$N39<$G$4:$N$4*Settings!$K$27/100,FALSE()))>0,"Fail","Passed")))),"Input Error") | U39: =IFERROR(IF($D39="","",IF($S39="","",IF($S39="Incomplete","Marks incomplete",IF($S39="Setup Required","Check Settings",IF($S39="Fail","উন্নতির জন্য বিশেষ যত্ন প্রয়োজন",VLOOKUP($P39,Settings!$A$16:$E$22,5,TRUE())))))),"") | V39: =IFERROR(IF($D39="","",IF(COUNT($G39:$N39)=0,"No marks",IF(SUMPRODUCT(--($G$4:$N$4<=0),--ISNUMBER($G39:$N39))>0,"Extra subject mark",IF(SUMPRODUCT(--($G$4:$N$4>0),--ISNUMBER($G39:$N39))<COUNTIF($G$4:$N$4,">0"),"Missing marks",IF(SUMPRODUCT(--($G$4:$N$4>0),--ISNUMBER($G39:$N39),--IFERROR($G39:$N39>$G$4:$N$4,FALSE()))>0,"Mark exceeds full mark",IF($S39="Setup Required","Settings issue","OK")))))),"Input error")
... A45: 40 | B45: 40 | C45: =IFERROR(IF(OR($D45="",NOT(ISNUMBER($P45)),$S45<>"Passed"),"",COUNTIFS($P$6:$P$45,">"&$P45,$S$6:$S$45,"Passed")+1),"") | O45: =IFERROR(IF(COUNT($G45:$N45)=0,"",SUMIF($G$4:$N$4,">0",$G45:$N45)),"") | P45: =IFERROR(IF($O45="","",IF(SUMIF($G$4:$N$4,">0",$G$4:$N$4)<=0,"",ROUND($O45/SUMIF($G$4:$N$4,">0",$G$4:$N$4)*100,2))),"") | Q45: =IFERROR(IF($P45="","",IF($S45="Fail",0,IF($S45="Passed",VLOOKUP($P45,Settings!$A$16:$C$22,3,TRUE()),""))),"") | R45: =IFERROR(IF($P45="","",IF($S45="Fail","F",IF($S45="Passed",VLOOKUP($P45,Settings!$A$16:$B$22,2,TRUE()),""))),"") | S45: =IFERROR(IF(COUNT($G45:$N45)=0,"",IF(OR(SUMIF($G$4:$N$4,">0",$G$4:$N$4)<=0,Settings!$K$27<=0),"Setup Required",IF(SUMPRODUCT(--($G$4:$N$4>0),--ISNUMBER($G45:$N45))<COUNTIF($G$4:$N$4,">0"),"Incomplete",IF(SUMPRODUCT(--($G$4:$N$4>0),--ISNUMBER($G45:$N45),--IFERROR($G45:$N45<$G$4:$N$4*Settings!$K$27/100,FALSE()))>0,"Fail","Passed")))),"Input Error") | U45: =IFERROR(IF($D45="","",IF($S45="","",IF($S45="Incomplete","Marks incomplete",IF($S45="Setup Required","Check Settings",IF($S45="Fail","উন্নতির জন্য বিশেষ যত্ন প্রয়োজন",VLOOKUP($P45,Settings!$A$16:$E$22,5,TRUE())))))),"") | V45: =IFERROR(IF($D45="","",IF(COUNT($G45:$N45)=0,"No marks",IF(SUMPRODUCT(--($G$4:$N$4<=0),--ISNUMBER($G45:$N45))>0,"Extra subject mark",IF(SUMPRODUCT(--($G$4:$N$4>0),--ISNUMBER($G45:$N45))<COUNTIF($G$4:$N$4,">0"),"Missing marks",IF(SUMPRODUCT(--($G$4:$N$4>0),--ISNUMBER($G45:$N45),--IFERROR($G45:$N45>$G$4:$N$4,FALSE()))>0,"Mark exceeds full mark",IF($S45="Setup Required","Settings issue","OK")))))),"Input error")

Sheet তৃতীয়
A1: =IFERROR(Settings!$B$5,"") -> বেজখন্ড সঃ প্রাঃ বিদ্যালয়
A2: =IFERROR(Settings!$B$6&" | শ্রেণি: তৃতীয় ","") -> প্রথম প্রান্তিক মূল্যায়ন | শ্রেণি: তৃতীয়
A4: পূর্ণমান | G4: =IFERROR(IF(Settings!$B$29>0,Settings!$B$29,""),"") -> 70 | H4: =IFERROR(IF(Settings!$C$29>0,Settings!$C$29,""),"") -> 70 | I4: =IFERROR(IF(Settings!$D$29>0,Settings!$D$29,""),"") -> 70 | J4: =IFERROR(IF(Settings!$F$29>0,Settings!$F$29,""),"") -> 70 | K4: =IFERROR(IF(Settings!$G$29>0,Settings!$G$29,""),"") -> 70 | L4: =IFERROR(IF(Settings!$H$29>0,Settings!$H$29,""),"") -> 70 | M4: =IFERROR(IF(Settings!$I$29>0,Settings!$I$29,""),"") | N4: =IFERROR(IF(Settings!$J$29>0,Settings!$J$29,""),"")
A5: # | B5: রোল | C5: মেধা | D5: শিক্ষার্থীর নাম | E5: অভিভাবক | F5: গ্রাম | G5: =IFERROR(IF(Settings!$B$29>0,Settings!$B$26,""),"") -> বাংলা | H5: =IFERROR(IF(Settings!$C$29>0,Settings!$C$26,""),"") -> English | I5: =IFERROR(IF(Settings!$D$29>0,Settings!$D$26,""),"") -> গণিত | J5: =IFERROR(IF(Settings!$F$29>0,Settings!$F$26,""),"") -> প্রাথমিক বিজ্ঞান | K5: =IFERROR(IF(Settings!$G$29>0,Settings!$G$26,""),"") -> বাংলাদেশ ও বিশ্বপরিচয় | L5: =IFERROR(IF(Settings!$H$29>0,Settings!$H$26,""),"") -> ধর্ম | M5: =IFERROR(IF(Settings!$I$29>0,Settings!$I$26,""),"") | N5: =IFERROR(IF(Settings!$J$29>0,Settings!$J$26,""),"") | O5: মোট | P5: গড় % | Q5: GPA | R5: গ্রেড | S5: ফলাফল | T5: উপস্থিতি % | U5: Auto Remark | V5: QC Flag
A6: 1 | B6: 1 | C6: =IFERROR(IF(OR($D6="",NOT(ISNUMBER($P6)),$S6<>"Passed"),"",COUNTIFS($P$6:$P$45,">"&$P6,$S$6:$S$45,"Passed")+1),"") | D6: আছিয়া আক্তার | E6: আলেয়া বেগম | F6: পার্বতীপুর | G6: 25 | H6: 30 | I6: 27 | J6: 21 | K6: 23 | L6: 17 | O6: =IFERROR(IF(COUNT($G6:$N6)=0,"",SUMIF($G$4:$N$4,">0",$G6:$N6)),"") -> 143 | P6: =IFERROR(IF($O6="","",IF(SUMIF($G$4:$N$4,">0",$G$4:$N$4)<=0,"",ROUND($O6/SUMIF($G$4:$N$4,">0",$G$4:$N$4)*100,2))),"") -> 34.05 | Q6: =IFERROR(IF($P6="","",IF($S6="Fail",0,IF($S6="Passed",VLOOKUP($P6,Settings!$A$16:$C$22,3,TRUE()),""))),"") -> 0 | R6: =IFERROR(IF($P6="","",IF($S6="Fail","F",IF($S6="Passed",VLOOKUP($P6,Settings!$A$16:$B$22,2,TRUE()),""))),"") -> F | S6: =IFERROR(IF(COUNT($G6:$N6)=0,"",IF(OR(SUMIF($G$4:$N$4,">0",$G$4:$N$4)<=0,Settings!$K$27<=0),"Setup Required",IF(SUMPRODUCT(--($G$4:$N$4>0),--ISNUMBER($G6:$N6))<COUNTIF($G$4:$N$4,">0"),"Incomplete",IF(SUMPRODUCT(--($G$4:$N$4>0),--ISNUMBER($G6:$N6),--IFERROR($G6:$N6<$G$4:$N$4*Settings!$K$27/100,FALSE()))>0,"Fail","Passed")))),"Input Error") -> Fail | T6: 89 | U6: =IFERROR(IF($D6="","",IF($S6="","",IF($S6="Incomplete","Marks incomplete",IF($S6="Setup Required","Check Settings",IF($S6="Fail","উন্নতির জন্য বিশেষ যত্ন প্রয়োজন",VLOOKUP($P6,Settings!$A$16:$E$22,5,TRUE())))))),"") -> উন্নতির জন্য বিশেষ যত্ন প্রয়োজন | V6: =IFERROR(IF($D6="","",IF(COUNT($G6:$N6)=0,"No marks",IF(SUMPRODUCT(--($G$4:$N$4<=0),--ISNUMBER($G6:$N6))>0,"Extra subject mark",IF(SUMPRODUCT(--($G$4:$N$4>0),--ISNUMBER($G6:$N6))<COUNTIF($G$4:$N$4,">0"),"Missing marks",IF(SUMPRODUCT(--($G$4:$N$4>0),--ISNUMBER($G6:$N6),--IFERROR($G6:$N6>$G$4:$N$4,FALSE()))>0,"Mark exceeds full mark",IF($S6="Setup Required","Settings issue","OK")))))),"Input error") -> OK
A7: 2 | B7: 2 | C7: =IFERROR(IF(OR($D7="",NOT(ISNUMBER($P7)),$S7<>"Passed"),"",COUNTIFS($P$6:$P$45,">"&$P7,$S$6:$S$45,"Passed")+1),"") -> 4 | D7: মো: হোজাইফা | E7: হাজেরা বেগম | F7: বেজখন্ড | G7: 30 | H7: 42 | I7: 56 | J7: 35 | K7: 35 | L7: 30 | O7: =IFERROR(IF(COUNT($G7:$N7)=0,"",SUMIF($G$4:$N$4,">0",$G7:$N7)),"") -> 228 | P7: =IFERROR(IF($O7="","",IF(SUMIF($G$4:$N$4,">0",$G$4:$N$4)<=0,"",ROUND($O7/SUMIF($G$4:$N$4,">0",$G$4:$N$4)*100,2))),"") -> 54.29 | Q7: =IFERROR(IF($P7="","",IF($S7="Fail",0,IF($S7="Passed",VLOOKUP($P7,Settings!$A$16:$C$22,3,TRUE()),""))),"") -> 3 | R7: =IFERROR(IF($P7="","",IF($S7="Fail","F",IF($S7="Passed",VLOOKUP($P7,Settings!$A$16:$B$22,2,TRUE()),""))),"") -> B | S7: =IFERROR(IF(COUNT($G7:$N7)=0,"",IF(OR(SUMIF($G$4:$N$4,">0",$G$4:$N$4)<=0,Settings!$K$27<=0),"Setup Required",IF(SUMPRODUCT(--($G$4:$N$4>0),--ISNUMBER($G7:$N7))<COUNTIF($G$4:$N$4,">0"),"Incomplete",IF(SUMPRODUCT(--($G$4:$N$4>0),--ISNUMBER($G7:$N7),--IFERROR($G7:$N7<$G$4:$N$4*Settings!$K$27/100,FALSE()))>0,"Fail","Passed")))),"Input Error") -> Passed | T7: 91 | U7: =IFERROR(IF($D7="","",IF($S7="","",IF($S7="Incomplete","Marks incomplete",IF($S7="Setup Required","Check Settings",IF($S7="Fail","উন্নতির জন্য বিশেষ যত্ন প্রয়োজন",VLOOKUP($P7,Settings!$A$16:$E$22,5,TRUE())))))),"") -> ভালো | V7: =IFERROR(IF($D7="","",IF(COUNT($G7:$N7)=0,"No marks",IF(SUMPRODUCT(--($G$4:$N$4<=0),--ISNUMBER($G7:$N7))>0,"Extra subject mark",IF(SUMPRODUCT(--($G$4:$N$4>0),--ISNUMBER($G7:$N7))<COUNTIF($G$4:$N$4,">0"),"Missing marks",IF(SUMPRODUCT(--($G$4:$N$4>0),--ISNUMBER($G7:$N7),--IFERROR($G7:$N7>$G$4:$N$4,FALSE()))>0,"Mark exceeds full mark",IF($S7="Setup Required","Settings issue","OK")))))),"Input error") -> OK
A8: 3 | B8: 3 | C8: =IFERROR(IF(OR($D8="",NOT(ISNUMBER($P8)),$S8<>"Passed"),"",COUNTIFS($P$6:$P$45,">"&$P8,$S$6:$S$45,"Passed")+1),"") -> 2 | D8: জান্নাতি আক্তার | E8: হাজেরা খাতুন | F8: হিমাইল | G8: 47 | H8: 53 | I8: 53 | J8: 47 | K8: 35 | L8: 33 | O8: =IFERROR(IF(COUNT($G8:$N8)=0,"",SUMIF($G$4:$N$4,">0",$G8:$N8)),"") -> 268 | P8: =IFERROR(IF($O8="","",IF(SUMIF($G$4:$N$4,">0",$G$4:$N$4)<=0,"",ROUND($O8/SUMIF($G$4:$N$4,">0",$G$4:$N$4)*100,2))),"") -> 63.81 | Q8: =IFERROR(IF($P8="","",IF($S8="Fail",0,IF($S8="Passed",VLOOKUP($P8,Settings!$A$16:$C$22,3,TRUE()),""))),"") -> 3.5 | R8: =IFERROR(IF($P8="","",IF($S8="Fail","F",IF($S8="Passed",VLOOKUP($P8,Settings!$A$16:$B$22,2,TRUE()),""))),"") -> A- | S8: =IFERROR(IF(COUNT($G8:$N8)=0,"",IF(OR(SUMIF($G$4:$N$4,">0",$G$4:$N$4)<=0,Settings!$K$27<=0),"Setup Required",IF(SUMPRODUCT(--($G$4:$N$4>0),--ISNUMBER($G8:$N8))<COUNTIF($G$4:$N$4,">0"),"Incomplete",IF(SUMPRODUCT(--($G$4:$N$4>0),--ISNUMBER($G8:$N8),--IFERROR($G8:$N8<$G$4:$N$4*Settings!$K$27/100,FALSE()))>0,"Fail","Passed")))),"Input Error") -> Passed | T8: 88 | U8: =IFERROR(IF($D8="","",IF($S8="","",IF($S8="Incomplete","Marks incomplete",IF($S8="Setup Required","Check Settings",IF($S8="Fail","উন্নতির জন্য বিশেষ যত্ন প্রয়োজন",VLOOKUP($P8,Settings!$A$16:$E$22,5,TRUE())))))),"") -> খুব ভালো | V8: =IFERROR(IF($D8="","",IF(COUNT($G8:$N8)=0,"No marks",IF(SUMPRODUCT(--($G$4:$N$4<=0),--ISNUMBER($G8:$N8))>0,"Extra subject mark",IF(SUMPRODUCT(--($G$4:$N$4>0),--ISNUMBER($G8:$N8))<COUNTIF($G$4:$N$4,">0"),"Missing marks",IF(SUMPRODUCT(--($G$4:$N$4>0),--ISNUMBER($G8:$N8),--IFERROR($G8:$N8>$G$4:$N$4,FALSE()))>0,"Mark exceeds full mark",IF($S8="Setup Required","Settings issue","OK")))))),"Input error") -> OK
A9: 4 | B9: 4 | C9: =IFERROR(IF(OR($D9="",NOT(ISNUMBER($P9)),$S9<>"Passed"),"",COUNTIFS($P$6:$P$45,">"&$P9,$S$6:$S$45,"Passed")+1),"") | D9: মিশু আক্তার | E9: লাবনী আক্তার | F9: পার্বতীপুর | G9: 40 | H9: 47 | I9: 52 | J9: 28 | K9: 37 | L9: 20 | O9: =IFERROR(IF(COUNT($G9:$N9)=0,"",SUMIF($G$4:$N$4,">0",$G9:$N9)),"") -> 224 | P9: =IFERROR(IF($O9="","",IF(SUMIF($G$4:$N$4,">0",$G$4:$N$4)<=0,"",ROUND($O9/SUMIF($G$4:$N$4,">0",$G$4:$N$4)*100,2))),"") -> 53.33 | Q9: =IFERROR(IF($P9="","",IF($S9="Fail",0,IF($S9="Passed",VLOOKUP($P9,Settings!$A$16:$C$22,3,TRUE()),""))),"") -> 0 | R9: =IFERROR(IF($P9="","",IF($S9="Fail","F",IF($S9="Passed",VLOOKUP($P9,Settings!$A$16:$B$22,2,TRUE()),""))),"") -> F | S9: =IFERROR(IF(COUNT($G9:$N9)=0,"",IF(OR(SUMIF($G$4:$N$4,">0",$G$4:$N$4)<=0,Settings!$K$27<=0),"Setup Required",IF(SUMPRODUCT(--($G$4:$N$4>0),--ISNUMBER($G9:$N9))<COUNTIF($G$4:$N$4,">0"),"Incomplete",IF(SUMPRODUCT(--($G$4:$N$4>0),--ISNUMBER($G9:$N9),--IFERROR($G9:$N9<$G$4:$N$4*Settings!$K$27/100,FALSE()))>0,"Fail","Passed")))),"Input Error") -> Fail | T9: 87 | U9: =IFERROR(IF($D9="","",IF($S9="","",IF($S9="Incomplete","Marks incomplete",IF($S9="Setup Required","Check Settings",IF($S9="Fail","উন্নতির জন্য বিশেষ যত্ন প্রয়োজন",VLOOKUP($P9,Settings!$A$16:$E$22,5,TRUE())))))),"") -> উন্নতির জন্য বিশেষ যত্ন প্রয়োজন | V9: =IFERROR(IF($D9="","",IF(COUNT($G9:$N9)=0,"No marks",IF(SUMPRODUCT(--($G$4:$N$4<=0),--ISNUMBER($G9:$N9))>0,"Extra subject mark",IF(SUMPRODUCT(--($G$4:$N$4>0),--ISNUMBER($G9:$N9))<COUNTIF($G$4:$N$4,">0"),"Missing marks",IF(SUMPRODUCT(--($G$4:$N$4>0),--ISNUMBER($G9:$N9),--IFERROR($G9:$N9>$G$4:$N$4,FALSE()))>0,"Mark exceeds full mark",IF($S9="Setup Required","Settings issue","OK")))))),"Input error") -> OK
